{"level":"info","message":"🚀 TechPulse Orchestrator running on http://localhost:5000","service":"techpulse-backend","timestamp":"2026-04-08 19:19:35"}
{"level":"info","message":"🚀 TechPulse Orchestrator running on http://localhost:5000","service":"techpulse-backend","timestamp":"2026-04-08 19:20:16"}
{"level":"info","message":"🚀 TechPulse Orchestrator running on http://localhost:5000","service":"techpulse-backend","timestamp":"2026-04-08 20:21:26"}
{"level":"info","message":"🚀 TechPulse Orchestrator running on http://localhost:5000","service":"techpulse-backend","timestamp":"2026-04-08 20:29:52"}
{"level":"info","message":"🚀 TechPulse Orchestrator running on http://localhost:5000","service":"techpulse-backend","timestamp":"2026-04-08 20:33:13"}
{"level":"info","message":"🚀 TechPulse Orchestrator running on http://localhost:5000","service":"techpulse-backend","timestamp":"2026-04-08 20:33:37"}
{"level":"info","message":"🚀 TechPulse Orchestrator running on http://localhost:5000","service":"techpulse-backend","timestamp":"2026-04-08 20:37:50"}
{"level":"info","message":"🚀 TechPulse Orchestrator running on http://localhost:5000","service":"techpulse-backend","timestamp":"2026-04-08 21:04:38"}
{"level":"info","message":"🚀 TechPulse Orchestrator running on http://localhost:5000","service":"techpulse-backend","timestamp":"2026-04-08 21:06:40"}
{"level":"info","message":"🚀 TechPulse Orchestrator running on http://localhost:5000","service":"techpulse-backend","timestamp":"2026-04-08 21:40:53"}
{"level":"info","message":"🚀 TechPulse Orchestrator running on http://localhost:5000","service":"techpulse-backend","timestamp":"2026-04-08 21:54:50"}
{"level":"info","message":"🚀 TechPulse Orchestrator running on http://localhost:5000","service":"techpulse-backend","timestamp":"2026-04-08 21:57:16"}
{"level":"info","message":"🚀 TechPulse Orchestrator running on http://localhost:5000","service":"techpulse-backend","timestamp":"2026-04-08 22:05:43"}
{"level":"info","message":"🚀 TechPulse Orchestrator running on http://localhost:5000","service":"techpulse-backend","timestamp":"2026-04-08 22:05:48"}
{"level":"info","message":"🚀 TechPulse Orchestrator running on http://localhost:5000","service":"techpulse-backend","timestamp":"2026-04-08 22:05:56"}
{"level":"info","message":"🚀 TechPulse Orchestrator running on http://localhost:5000","service":"techpulse-backend","timestamp":"2026-04-08 22:06:13"}
{"level":"info","message":"🚀 TechPulse Orchestrator running on http://localhost:5000","service":"techpulse-backend","timestamp":"2026-04-09 13:30:55"}
{"level":"info","message":"🚀 TechPulse Orchestrator running on http://localhost:5000","service":"techpulse-backend","timestamp":"2026-04-09 14:31:01"}
{"level":"info","message":"🚀 TechPulse Orchestrator running on http://localhost:5000","service":"techpulse-backend","timestamp":"2026-04-09 15:22:46"}
{"level":"info","message":"🚀 Secure TechPulse Orchestrator running on http://localhost:5000","service":"techpulse-backend","timestamp":"2026-04-10 00:38:50"}
{"level":"info","message":"🚀 Secure TechPulse Orchestrator running on http://localhost:5000","service":"techpulse-backend","timestamp":"2026-04-14 14:43:39"}
{"level":"info","message":"🚀 Secure TechPulse Orchestrator running on http://localhost:5000","service":"techpulse-backend","timestamp":"2026-04-16 01:39:52"}
{"level":"info","message":"🚀 Secure TechPulse Orchestrator running on http://localhost:5000","service":"techpulse-backend","timestamp":"2026-04-16 01:40:04"}
{"level":"info","message":"🚀 Secure TechPulse Orchestrator running on http://localhost:5000","service":"techpulse-backend","timestamp":"2026-04-16 01:48:02"}
{"level":"info","message":"🚀 Secure TechPulse Orchestrator running on http://localhost:5000","service":"techpulse-backend","timestamp":"2026-04-16 01:48:48"}
{"level":"info","message":"🚀 Secure TechPulse Orchestrator running on http://localhost:5000","service":"techpulse-backend","timestamp":"2026-04-16 01:50:43"}
{"level":"info","message":"🚀 Secure TechPulse Orchestrator running on http://localhost:5000","service":"techpulse-backend","timestamp":"2026-04-16 02:12:10"}
{"level":"info","message":"🚀 Secure TechPulse Orchestrator running on http://localhost:5000","service":"techpulse-backend","timestamp":"2026-04-16 14:35:48"}
{"level":"info","message":"🚀 Secure TechPulse Orchestrator running on http://localhost:5000","service":"techpulse-backend","timestamp":"2026-04-16 16:05:02"}
{"level":"info","message":"🚀 Secure TechPulse Orchestrator running on http://localhost:5000","service":"techpulse-backend","timestamp":"2026-04-16 16:13:54"}
{"level":"info","message":"🚀 Secure TechPulse Orchestrator running on http://localhost:5000","service":"techpulse-backend","timestamp":"2026-04-16 16:34:06"}
{"level":"info","message":"🔍 Feed Success: HN(30), GH(30), DevTo(30), Reddit(30)","service":"techpulse-backend","timestamp":"2026-04-21 20:38:34"}
{"level":"info","message":"🚀 Secure TechPulse Orchestrator running on http://localhost:5000","service":"techpulse-backend","timestamp":"2026-04-22 16:26:42"}
{"level":"warn","message":"Redis not available. Running without cache.","service":"techpulse-backend","timestamp":"2026-04-22 16:26:42"}
{"level":"warn","message":"Redis not available. Running without cache.","service":"techpulse-backend","timestamp":"2026-04-22 16:26:42"}
{"level":"warn","message":"Redis not available. Running without cache.","service":"techpulse-backend","timestamp":"2026-04-22 16:26:43"}
{"level":"warn","message":"Redis not available. Running without cache.","service":"techpulse-backend","timestamp":"2026-04-22 16:26:43"}
{"level":"warn","message":"Redis not available. Running without cache.","service":"techpulse-backend","timestamp":"2026-04-22 16:26:43"}
{"level":"warn","message":"Redis not available. Running without cache.","service":"techpulse-backend","timestamp":"2026-04-22 16:26:44"}
{"level":"warn","message":"Redis not available. Running without cache.","service":"techpulse-backend","timestamp":"2026-04-22 16:26:46"}
{"level":"warn","message":"Redis not available. Running without cache.","service":"techpulse-backend","timestamp":"2026-04-22 16:26:48"}
{"level":"warn","message":"Redis not available. Running without cache.","service":"techpulse-backend","timestamp":"2026-04-22 16:26:50"}
{"level":"warn","message":"Redis not available. Running without cache.","service":"techpulse-backend","timestamp":"2026-04-22 16:26:52"}
{"level":"warn","message":"Redis not available. Running without cache.","service":"techpulse-backend","timestamp":"2026-04-22 16:26:54"}
{"level":"warn","message":"Redis not available. Running without cache.","service":"techpulse-backend","timestamp":"2026-04-22 16:26:56"}
{"level":"warn","message":"Redis not available. Running without cache.","service":"techpulse-backend","timestamp":"2026-04-22 16:26:59"}
{"level":"warn","message":"Redis not available. Running without cache.","service":"techpulse-backend","timestamp":"2026-04-22 16:27:01"}
{"level":"warn","message":"Redis not available. Running without cache.","service":"techpulse-backend","timestamp":"2026-04-22 16:27:03"}
{"level":"warn","message":"Redis not available. Running without cache.","service":"techpulse-backend","timestamp":"2026-04-22 16:27:05"}
{"level":"warn","message":"Redis not available. Running without cache.","service":"techpulse-backend","timestamp":"2026-04-22 16:27:07"}
{"level":"warn","message":"Redis not available. Running without cache.","service":"techpulse-backend","timestamp":"2026-04-22 16:27:09"}
{"level":"warn","message":"Redis not available. Running without cache.","service":"techpulse-backend","timestamp":"2026-04-22 16:27:11"}
{"level":"warn","message":"Redis not available. Running without cache.","service":"techpulse-backend","timestamp":"2026-04-22 16:27:13"}
{"level":"warn","message":"Redis not available. Running without cache.","service":"techpulse-backend","timestamp":"2026-04-22 16:27:15"}
{"level":"warn","message":"Redis not available. Running without cache.","service":"techpulse-backend","timestamp":"2026-04-22 16:27:17"}
{"level":"warn","message":"Redis not available. Running without cache.","service":"techpulse-backend","timestamp":"2026-04-22 16:27:20"}
{"level":"warn","message":"Redis not available. Running without cache.","service":"techpulse-backend","timestamp":"2026-04-22 16:27:22"}
{"level":"warn","message":"Redis not available. Running without cache.","service":"techpulse-backend","timestamp":"2026-04-22 16:27:24"}
{"level":"warn","message":"Redis not available. Running without cache.","service":"techpulse-backend","timestamp":"2026-04-22 16:27:26"}
{"level":"warn","message":"Redis not available. Running without cache.","service":"techpulse-backend","timestamp":"2026-04-22 16:27:28"}
{"level":"warn","message":"Redis not available. Running without cache.","service":"techpulse-backend","timestamp":"2026-04-22 16:27:30"}
{"level":"warn","message":"Redis not available. Running without cache.","service":"techpulse-backend","timestamp":"2026-04-22 16:27:32"}
{"level":"warn","message":"Redis not available. Running without cache.","service":"techpulse-backend","timestamp":"2026-04-22 16:27:34"}
{"level":"warn","message":"Redis not available. Running without cache.","service":"techpulse-backend","timestamp":"2026-04-22 16:27:36"}
{"level":"warn","message":"Redis not available. Running without cache.","service":"techpulse-backend","timestamp":"2026-04-22 16:27:38"}
{"level":"warn","message":"Redis not available. Running without cache.","service":"techpulse-backend","timestamp":"2026-04-22 16:27:41"}
{"level":"warn","message":"Redis not available. Running without cache.","service":"techpulse-backend","timestamp":"2026-04-22 16:27:43"}
{"level":"warn","message":"Redis not available. Running without cache.","service":"techpulse-backend","timestamp":"2026-04-22 16:27:45"}
{"level":"warn","message":"Redis not available. Running without cache.","service":"techpulse-backend","timestamp":"2026-04-22 16:27:47"}
{"level":"warn","message":"Redis not available. Running without cache.","service":"techpulse-backend","timestamp":"2026-04-22 16:27:49"}
{"level":"warn","message":"Redis not available. Running without cache.","service":"techpulse-backend","timestamp":"2026-04-22 16:27:51"}
{"level":"warn","message":"Redis not available. Running without cache.","service":"techpulse-backend","timestamp":"2026-04-22 16:27:53"}
{"level":"warn","message":"Redis not available. Running without cache.","service":"techpulse-backend","timestamp":"2026-04-22 16:27:55"}
{"level":"warn","message":"Redis not available. Running without cache.","service":"techpulse-backend","timestamp":"2026-04-22 16:27:58"}
{"level":"warn","message":"Redis not available. Running without cache.","service":"techpulse-backend","timestamp":"2026-04-22 16:28:00"}
{"level":"warn","message":"Redis not available. Running without cache.","service":"techpulse-backend","timestamp":"2026-04-22 16:28:02"}
{"level":"warn","message":"Redis not available. Running without cache.","service":"techpulse-backend","timestamp":"2026-04-22 16:28:04"}
{"level":"warn","message":"Redis not available. Running without cache.","service":"techpulse-backend","timestamp":"2026-04-22 16:28:06"}
{"level":"warn","message":"Redis not available. Running without cache.","service":"techpulse-backend","timestamp":"2026-04-22 16:28:08"}
{"level":"warn","message":"Redis not available. Running without cache.","service":"techpulse-backend","timestamp":"2026-04-22 16:28:10"}
{"level":"warn","message":"Redis not available. Running without cache.","service":"techpulse-backend","timestamp":"2026-04-22 16:28:12"}
{"level":"warn","message":"Redis not available. Running without cache.","service":"techpulse-backend","timestamp":"2026-04-22 16:28:14"}
{"level":"warn","message":"Redis not available. Running without cache.","service":"techpulse-backend","timestamp":"2026-04-22 16:28:17"}
{"level":"warn","message":"Redis not available. Running without cache.","service":"techpulse-backend","timestamp":"2026-04-22 16:28:19"}
{"level":"warn","message":"Redis not available. Running without cache.","service":"techpulse-backend","timestamp":"2026-04-22 16:28:21"}
{"level":"warn","message":"Redis not available. Running without cache.","service":"techpulse-backend","timestamp":"2026-04-22 16:28:23"}
{"level":"warn","message":"Redis not available. Running without cache.","service":"techpulse-backend","timestamp":"2026-04-22 16:28:25"}
{"level":"warn","message":"Redis not available. Running without cache.","service":"techpulse-backend","timestamp":"2026-04-22 16:28:27"}
{"level":"warn","message":"Redis not available. Running without cache.","service":"techpulse-backend","timestamp":"2026-04-22 16:28:30"}
{"level":"warn","message":"Redis not available. Running without cache.","service":"techpulse-backend","timestamp":"2026-04-22 16:28:32"}
{"level":"warn","message":"Redis not available. Running without cache.","service":"techpulse-backend","timestamp":"2026-04-22 16:28:34"}
{"level":"warn","message":"Redis not available. Running without cache.","service":"techpulse-backend","timestamp":"2026-04-22 16:28:36"}
{"level":"warn","message":"Redis not available. Running without cache.","service":"techpulse-backend","timestamp":"2026-04-22 16:28:38"}
{"level":"warn","message":"Redis not available. Running without cache.","service":"techpulse-backend","timestamp":"2026-04-22 16:28:40"}
{"level":"warn","message":"Redis not available. Running without cache.","service":"techpulse-backend","timestamp":"2026-04-22 16:28:42"}
{"level":"warn","message":"Redis not available. Running without cache.","service":"techpulse-backend","timestamp":"2026-04-22 16:28:44"}
{"level":"warn","message":"Redis not available. Running without cache.","service":"techpulse-backend","timestamp":"2026-04-22 16:28:47"}
{"level":"warn","message":"Redis not available. Running without cache.","service":"techpulse-backend","timestamp":"2026-04-22 16:28:49"}
{"level":"warn","message":"Redis not available. Running without cache.","service":"techpulse-backend","timestamp":"2026-04-22 16:28:51"}
{"level":"warn","message":"Redis not available. Running without cache.","service":"techpulse-backend","timestamp":"2026-04-22 16:28:53"}
{"level":"warn","message":"Redis not available. Running without cache.","service":"techpulse-backend","timestamp":"2026-04-22 16:28:55"}
{"level":"warn","message":"Redis not available. Running without cache.","service":"techpulse-backend","timestamp":"2026-04-22 16:28:57"}
{"level":"warn","message":"Redis not available. Running without cache.","service":"techpulse-backend","timestamp":"2026-04-22 16:28:59"}
{"level":"warn","message":"Redis not available. Running without cache.","service":"techpulse-backend","timestamp":"2026-04-22 16:29:01"}
{"level":"warn","message":"Redis not available. Running without cache.","service":"techpulse-backend","timestamp":"2026-04-22 16:29:03"}
{"level":"warn","message":"Redis not available. Running without cache.","service":"techpulse-backend","timestamp":"2026-04-22 16:29:05"}
{"level":"warn","message":"Redis not available. Running without cache.","service":"techpulse-backend","timestamp":"2026-04-22 16:29:07"}
{"level":"warn","message":"Redis not available. Running without cache.","service":"techpulse-backend","timestamp":"2026-04-22 16:29:09"}
{"level":"warn","message":"Redis not available. Running without cache.","service":"techpulse-backend","timestamp":"2026-04-22 16:29:11"}
{"level":"info","message":"🚀 Secure TechPulse Orchestrator running on http://localhost:5000","service":"techpulse-backend","timestamp":"2026-04-22 16:31:03"}
{"level":"warn","message":"⚠️ Redis not available. Running without cache.","service":"techpulse-backend","timestamp":"2026-04-22 16:31:03"}
{"level":"info","message":"🚀 Secure TechPulse Orchestrator running on http://localhost:5000","service":"techpulse-backend","timestamp":"2026-04-22 16:40:17"}
{"level":"warn","message":"⚠️ Redis not available. Running without cache.","service":"techpulse-backend","timestamp":"2026-04-22 16:40:17"}
{"level":"info","message":"🚀 Secure TechPulse Orchestrator running on http://localhost:5000","service":"techpulse-backend","timestamp":"2026-04-22 16:50:18"}
{"level":"warn","message":"⚠️ Redis not available. Running without cache.","service":"techpulse-backend","timestamp":"2026-04-22 16:50:18"}
{"level":"info","message":"🚀 Secure TechPulse Orchestrator running on http://localhost:5000","service":"techpulse-backend","timestamp":"2026-04-22 16:54:01"}
{"level":"warn","message":"⚠️ Redis not available. Running without cache: Reconnect strategy should return `false | Error | number`, got null instead","service":"techpulse-backend","stack":"TypeError: Reconnect strategy should return `false | Error | number`, got null instead\n    at RedisSocket.<anonymous> (C:\\Projects\\TechPulse\\techpulse-backend\\node_modules\\@redis\\client\\dist\\lib\\client\\socket.js:60:31)\n    at #shouldReconnect (C:\\Projects\\TechPulse\\techpulse-backend\\node_modules\\@redis\\client\\dist\\lib\\client\\socket.js:138:48)\n    at #connect (C:\\Projects\\TechPulse\\techpulse-backend\\node_modules\\@redis\\client\\dist\\lib\\client\\socket.js:194:54)\n    at process.processTicksAndRejections (node:internal/process/task_queues:104:5)\n    at async Class.connect (C:\\Projects\\TechPulse\\techpulse-backend\\node_modules\\@redis\\client\\dist\\lib\\client\\index.js:650:9)\n    at async file:///C:/Projects/TechPulse/techpulse-backend/src/config/redis.js:32:13","timestamp":"2026-04-22 16:54:01"}
{"level":"info","message":"🚀 Secure TechPulse Orchestrator running on http://localhost:5000","service":"techpulse-backend","timestamp":"2026-04-22 17:05:51"}
{"level":"warn","message":"⚠️ Redis not available. Running without cache: Reconnect strategy should return `false | Error | number`, got null instead","service":"techpulse-backend","stack":"TypeError: Reconnect strategy should return `false | Error | number`, got null instead\n    at RedisSocket.<anonymous> (C:\\Projects\\TechPulse\\techpulse-backend\\node_modules\\@redis\\client\\dist\\lib\\client\\socket.js:60:31)\n    at #shouldReconnect (C:\\Projects\\TechPulse\\techpulse-backend\\node_modules\\@redis\\client\\dist\\lib\\client\\socket.js:138:48)\n    at #connect (C:\\Projects\\TechPulse\\techpulse-backend\\node_modules\\@redis\\client\\dist\\lib\\client\\socket.js:194:54)\n    at process.processTicksAndRejections (node:internal/process/task_queues:104:5)\n    at async Class.connect (C:\\Projects\\TechPulse\\techpulse-backend\\node_modules\\@redis\\client\\dist\\lib\\client\\index.js:650:9)\n    at async file:///C:/Projects/TechPulse/techpulse-backend/src/config/redis.js:32:13","timestamp":"2026-04-22 17:05:51"}
{"level":"info","message":"🚀 Secure TechPulse Orchestrator running on http://localhost:5000","service":"techpulse-backend","timestamp":"2026-04-22 17:12:48"}
{"code":"ECONNREFUSED","level":"warn","message":"⚠️ Redis not available. Running without cache:","service":"techpulse-backend","stack":"AggregateError [ECONNREFUSED]: \n    at internalConnectMultiple (node:net:1142:49)\n    at afterConnectMultiple (node:net:1723:7)","timestamp":"2026-04-22 17:12:48"}
{"level":"warn","message":"Redis connection failed. Caching disabled.","service":"techpulse-backend","timestamp":"2026-04-22 17:12:48"}
{"level":"info","message":"🚀 Secure TechPulse Orchestrator running on http://localhost:5000","service":"techpulse-backend","timestamp":"2026-04-22 17:29:13"}
{"code":"ECONNREFUSED","level":"warn","message":"⚠️ Redis not available. Running without cache:","service":"techpulse-backend","stack":"AggregateError [ECONNREFUSED]: \n    at internalConnectMultiple (node:net:1142:49)\n    at afterConnectMultiple (node:net:1723:7)","timestamp":"2026-04-22 17:29:13"}
{"level":"warn","message":"Redis connection failed. Caching disabled.","service":"techpulse-backend","timestamp":"2026-04-22 17:29:13"}
{"level":"error","message":"📡 Network/Timeout Error for https://www.reddit.com/r/programming/hot.json?limit=30: fetch failed","service":"techpulse-backend","timestamp":"2026-04-22 17:34:17"}
{"code":"ECONNREFUSED","level":"warn","message":"⚠️ Redis not available. Running without cache:","service":"techpulse-backend","stack":"AggregateError: \n    at internalConnectMultiple (node:net:1134:18)\n    at afterConnectMultiple (node:net:1715:7)","timestamp":"2026-05-02 00:01:41"}
{"level":"warn","message":"Redis connection failed. Caching disabled.","service":"techpulse-backend","timestamp":"2026-05-02 00:01:41"}
{"code":"ECONNREFUSED","level":"warn","message":"⚠️ Redis not available. Running without cache:","service":"techpulse-backend","stack":"AggregateError: \n    at internalConnectMultiple (node:net:1134:18)\n    at afterConnectMultiple (node:net:1715:7)","timestamp":"2026-05-02 00:02:50"}
{"level":"warn","message":"Redis connection failed. Caching disabled.","service":"techpulse-backend","timestamp":"2026-05-02 00:02:50"}
{"level":"info","message":"🚀 Secure TechPulse Orchestrator running on http://localhost:5000","service":"techpulse-backend","timestamp":"2026-05-02 01:32:22"}
{"code":"ECONNREFUSED","level":"warn","message":"⚠️ Redis not available. Running without cache:","service":"techpulse-backend","stack":"AggregateError [ECONNREFUSED]: \n    at internalConnectMultiple (node:net:1134:18)\n    at afterConnectMultiple (node:net:1715:7)","timestamp":"2026-05-02 01:32:22"}
{"level":"warn","message":"Redis connection failed. Caching disabled.","service":"techpulse-backend","timestamp":"2026-05-02 01:32:22"}
{"level":"info","message":"🚀 Secure TechPulse Orchestrator running on http://localhost:5000","service":"techpulse-backend","timestamp":"2026-05-02 01:34:20"}
{"code":"ECONNREFUSED","level":"warn","message":"⚠️ Redis not available. Running without cache:","service":"techpulse-backend","stack":"AggregateError [ECONNREFUSED]: \n    at internalConnectMultiple (node:net:1134:18)\n    at afterConnectMultiple (node:net:1715:7)","timestamp":"2026-05-02 01:34:20"}
{"level":"warn","message":"Redis connection failed. Caching disabled.","service":"techpulse-backend","timestamp":"2026-05-02 01:34:20"}
{"level":"info","message":"📡 Starting AI-Driven RSS Ingestion Pipeline...","service":"techpulse-backend","timestamp":"2026-05-02 20:00:00"}
{"level":"info","message":"📻 Ingesting RSS from InfoQ...","service":"techpulse-backend","timestamp":"2026-05-02 20:00:00"}
{"level":"info","message":"🚀 Secure TechPulse Orchestrator running on http://localhost:5000","service":"techpulse-backend","timestamp":"2026-05-03 00:23:13"}
{"code":"ECONNREFUSED","level":"warn","message":"⚠️ Redis not available. Running without cache:","service":"techpulse-backend","stack":"AggregateError [ECONNREFUSED]: \n    at internalConnectMultiple (node:net:1134:18)\n    at afterConnectMultiple (node:net:1715:7)","timestamp":"2026-05-03 00:23:13"}
{"level":"warn","message":"Redis connection failed. Caching disabled.","service":"techpulse-backend","timestamp":"2026-05-03 00:23:13"}
{"level":"info","message":"🚀 Secure TechPulse Orchestrator running on http://localhost:5000","service":"techpulse-backend","timestamp":"2026-05-03 00:42:09"}
{"code":"ECONNREFUSED","level":"warn","message":"⚠️ Redis not available. Running without cache:","service":"techpulse-backend","stack":"AggregateError [ECONNREFUSED]: \n    at internalConnectMultiple (node:net:1134:18)\n    at afterConnectMultiple (node:net:1715:7)","timestamp":"2026-05-03 00:42:09"}
{"level":"warn","message":"Redis connection failed. Caching disabled.","service":"techpulse-backend","timestamp":"2026-05-03 00:42:09"}
{"level":"info","message":"🚀 Secure TechPulse Orchestrator running on http://localhost:5000","service":"techpulse-backend","timestamp":"2026-05-03 00:42:15"}
{"code":"ECONNREFUSED","level":"warn","message":"⚠️ Redis not available. Running without cache:","service":"techpulse-backend","stack":"AggregateError [ECONNREFUSED]: \n    at internalConnectMultiple (node:net:1134:18)\n    at afterConnectMultiple (node:net:1715:7)","timestamp":"2026-05-03 00:42:15"}
{"level":"warn","message":"Redis connection failed. Caching disabled.","service":"techpulse-backend","timestamp":"2026-05-03 00:42:15"}
{"level":"info","message":"🚀 Secure TechPulse Orchestrator running on http://localhost:5000","service":"techpulse-backend","timestamp":"2026-05-03 00:42:58"}
{"code":"ECONNREFUSED","level":"warn","message":"⚠️ Redis not available. Running without cache:","service":"techpulse-backend","stack":"AggregateError [ECONNREFUSED]: \n    at internalConnectMultiple (node:net:1134:18)\n    at afterConnectMultiple (node:net:1715:7)","timestamp":"2026-05-03 00:42:58"}
{"level":"warn","message":"Redis connection failed. Caching disabled.","service":"techpulse-backend","timestamp":"2026-05-03 00:42:58"}
{"level":"info","message":"🚀 Secure TechPulse Orchestrator running on http://localhost:5000","service":"techpulse-backend","timestamp":"2026-05-03 00:57:18"}
{"code":"ECONNREFUSED","level":"warn","message":"⚠️ Redis not available. Running without cache:","service":"techpulse-backend","stack":"AggregateError [ECONNREFUSED]: \n    at internalConnectMultiple (node:net:1134:18)\n    at afterConnectMultiple (node:net:1715:7)","timestamp":"2026-05-03 00:57:18"}
{"level":"warn","message":"Redis connection failed. Caching disabled.","service":"techpulse-backend","timestamp":"2026-05-03 00:57:18"}
{"level":"info","message":"🚀 Secure TechPulse Orchestrator running on http://localhost:5000","service":"techpulse-backend","timestamp":"2026-05-03 00:58:31"}
{"code":"ECONNREFUSED","level":"warn","message":"⚠️ Redis not available. Running without cache:","service":"techpulse-backend","stack":"AggregateError [ECONNREFUSED]: \n    at internalConnectMultiple (node:net:1134:18)\n    at afterConnectMultiple (node:net:1715:7)","timestamp":"2026-05-03 00:58:31"}
{"level":"warn","message":"Redis connection failed. Caching disabled.","service":"techpulse-backend","timestamp":"2026-05-03 00:58:31"}
{"level":"info","message":"🚀 Secure TechPulse Orchestrator running on http://localhost:5000","service":"techpulse-backend","timestamp":"2026-05-03 00:58:38"}
{"code":"ECONNREFUSED","level":"warn","message":"⚠️ Redis not available. Running without cache:","service":"techpulse-backend","stack":"AggregateError [ECONNREFUSED]: \n    at internalConnectMultiple (node:net:1134:18)\n    at afterConnectMultiple (node:net:1715:7)","timestamp":"2026-05-03 00:58:38"}
{"level":"warn","message":"Redis connection failed. Caching disabled.","service":"techpulse-backend","timestamp":"2026-05-03 00:58:38"}
{"level":"info","message":"🚀 Secure TechPulse Orchestrator running on http://localhost:5000","service":"techpulse-backend","timestamp":"2026-05-03 01:03:35"}
{"code":"ECONNREFUSED","level":"warn","message":"⚠️ Redis not available. Running without cache:","service":"techpulse-backend","stack":"AggregateError [ECONNREFUSED]: \n    at internalConnectMultiple (node:net:1134:18)\n    at afterConnectMultiple (node:net:1715:7)","timestamp":"2026-05-03 01:03:35"}
{"level":"warn","message":"Redis connection failed. Caching disabled.","service":"techpulse-backend","timestamp":"2026-05-03 01:03:35"}
{"level":"info","message":"🚀 Secure TechPulse Orchestrator running on http://localhost:5000","service":"techpulse-backend","timestamp":"2026-05-03 01:03:42"}
{"code":"ECONNREFUSED","level":"warn","message":"⚠️ Redis not available. Running without cache:","service":"techpulse-backend","stack":"AggregateError [ECONNREFUSED]: \n    at internalConnectMultiple (node:net:1134:18)\n    at afterConnectMultiple (node:net:1715:7)","timestamp":"2026-05-03 01:03:42"}
{"level":"warn","message":"Redis connection failed. Caching disabled.","service":"techpulse-backend","timestamp":"2026-05-03 01:03:42"}
{"level":"info","message":"🚀 Secure TechPulse Orchestrator running on http://localhost:5000","service":"techpulse-backend","timestamp":"2026-05-03 01:18:37"}
{"code":"ECONNREFUSED","level":"warn","message":"⚠️ Redis not available. Running without cache:","service":"techpulse-backend","stack":"AggregateError [ECONNREFUSED]: \n    at internalConnectMultiple (node:net:1134:18)\n    at afterConnectMultiple (node:net:1715:7)","timestamp":"2026-05-03 01:18:37"}
{"level":"warn","message":"Redis connection failed. Caching disabled.","service":"techpulse-backend","timestamp":"2026-05-03 01:18:37"}
{"level":"info","message":"🚀 Secure TechPulse Orchestrator running on http://localhost:5000","service":"techpulse-backend","timestamp":"2026-05-03 01:18:50"}
{"code":"ECONNREFUSED","level":"warn","message":"⚠️ Redis not available. Running without cache:","service":"techpulse-backend","stack":"AggregateError [ECONNREFUSED]: \n    at internalConnectMultiple (node:net:1134:18)\n    at afterConnectMultiple (node:net:1715:7)","timestamp":"2026-05-03 01:18:50"}
{"level":"warn","message":"Redis connection failed. Caching disabled.","service":"techpulse-backend","timestamp":"2026-05-03 01:18:50"}
{"level":"info","message":"🚀 Secure TechPulse Orchestrator running on http://localhost:5000","service":"techpulse-backend","timestamp":"2026-05-03 01:19:25"}
{"code":"ECONNREFUSED","level":"warn","message":"⚠️ Redis not available. Running without cache:","service":"techpulse-backend","stack":"AggregateError [ECONNREFUSED]: \n    at internalConnectMultiple (node:net:1134:18)\n    at afterConnectMultiple (node:net:1715:7)","timestamp":"2026-05-03 01:19:25"}
{"level":"warn","message":"Redis connection failed. Caching disabled.","service":"techpulse-backend","timestamp":"2026-05-03 01:19:25"}
{"level":"error","message":"Feed Aggregator Error: Cannot read properties of undefined (reading 'findMany')","service":"techpulse-backend","timestamp":"2026-05-03 01:19:43"}
{"level":"info","message":"🚀 Secure TechPulse Orchestrator running on http://localhost:5000","service":"techpulse-backend","timestamp":"2026-05-03 01:20:05"}
{"code":"ECONNREFUSED","level":"warn","message":"⚠️ Redis not available. Running without cache:","service":"techpulse-backend","stack":"AggregateError [ECONNREFUSED]: \n    at internalConnectMultiple (node:net:1134:18)\n    at afterConnectMultiple (node:net:1715:7)","timestamp":"2026-05-03 01:20:05"}
{"level":"warn","message":"Redis connection failed. Caching disabled.","service":"techpulse-backend","timestamp":"2026-05-03 01:20:05"}
{"level":"error","message":"Feed Aggregator Error: \nInvalid `prisma.newsCache.findMany()` invocation:\n\n\nServer has closed the connection.","service":"techpulse-backend","timestamp":"2026-05-03 01:43:27"}
{"level":"error","message":"Feed Aggregator Error: \nInvalid `prisma.newsCache.findMany()` invocation:\n\n\nServer has closed the connection.","service":"techpulse-backend","timestamp":"2026-05-04 18:12:56"}
{"level":"error","message":"Feed Aggregator Error: \nInvalid `prisma.newsCache.findMany()` invocation:\n\n\nServer has closed the connection.","service":"techpulse-backend","timestamp":"2026-05-04 18:12:56"}
{"level":"error","message":"Feed Aggregator Error: \nInvalid `prisma.newsCache.findMany()` invocation:\n\n\nCan't reach database server at `db.udvvpbqnghwuopuijcot.supabase.co:5432`\n\nPlease make sure your database server is running at `db.udvvpbqnghwuopuijcot.supabase.co:5432`.","service":"techpulse-backend","timestamp":"2026-05-04 18:12:59"}
{"level":"error","message":"Feed Aggregator Error: \nInvalid `prisma.newsCache.findMany()` invocation:\n\n\nCan't reach database server at `db.udvvpbqnghwuopuijcot.supabase.co:5432`\n\nPlease make sure your database server is running at `db.udvvpbqnghwuopuijcot.supabase.co:5432`.","service":"techpulse-backend","timestamp":"2026-05-04 18:13:00"}
{"level":"info","message":"🚀 Secure TechPulse Orchestrator running on http://localhost:5000","service":"techpulse-backend","timestamp":"2026-05-04 18:19:09"}
{"code":"ECONNREFUSED","level":"warn","message":"⚠️ Redis not available. Running without cache:","service":"techpulse-backend","stack":"AggregateError [ECONNREFUSED]: \n    at internalConnectMultiple (node:net:1134:18)\n    at afterConnectMultiple (node:net:1715:7)","timestamp":"2026-05-04 18:19:09"}
{"level":"warn","message":"Redis connection failed. Caching disabled.","service":"techpulse-backend","timestamp":"2026-05-04 18:19:09"}
{"level":"info","message":"🚀 Secure TechPulse Orchestrator running on http://localhost:5000","service":"techpulse-backend","timestamp":"2026-05-04 18:27:14"}
{"code":"ECONNREFUSED","level":"warn","message":"⚠️ Redis not available. Running without cache:","service":"techpulse-backend","stack":"AggregateError [ECONNREFUSED]: \n    at internalConnectMultiple (node:net:1134:18)\n    at afterConnectMultiple (node:net:1715:7)","timestamp":"2026-05-04 18:27:14"}
{"level":"warn","message":"Redis connection failed. Caching disabled.","service":"techpulse-backend","timestamp":"2026-05-04 18:27:14"}
{"level":"info","message":"🚀 Secure TechPulse Orchestrator running on http://localhost:5000","service":"techpulse-backend","timestamp":"2026-05-04 18:30:43"}
{"code":"ECONNREFUSED","level":"warn","message":"⚠️ Redis not available. Running without cache:","service":"techpulse-backend","stack":"AggregateError [ECONNREFUSED]: \n    at internalConnectMultiple (node:net:1134:18)\n    at afterConnectMultiple (node:net:1715:7)","timestamp":"2026-05-04 18:30:43"}
{"level":"warn","message":"Redis connection failed. Caching disabled.","service":"techpulse-backend","timestamp":"2026-05-04 18:30:43"}
{"level":"info","message":"🚀 Secure TechPulse Orchestrator running on http://localhost:5000","service":"techpulse-backend","timestamp":"2026-05-04 18:30:50"}
{"code":"ECONNREFUSED","level":"warn","message":"⚠️ Redis not available. Running without cache:","service":"techpulse-backend","stack":"AggregateError [ECONNREFUSED]: \n    at internalConnectMultiple (node:net:1134:18)\n    at afterConnectMultiple (node:net:1715:7)","timestamp":"2026-05-04 18:30:50"}
{"level":"warn","message":"Redis connection failed. Caching disabled.","service":"techpulse-backend","timestamp":"2026-05-04 18:30:50"}
{"level":"info","message":"🚀 Secure TechPulse Orchestrator running on http://localhost:5000","service":"techpulse-backend","timestamp":"2026-05-04 18:31:01"}
{"code":"ECONNREFUSED","level":"warn","message":"⚠️ Redis not available. Running without cache:","service":"techpulse-backend","stack":"AggregateError [ECONNREFUSED]: \n    at internalConnectMultiple (node:net:1134:18)\n    at afterConnectMultiple (node:net:1715:7)","timestamp":"2026-05-04 18:31:01"}
{"level":"warn","message":"Redis connection failed. Caching disabled.","service":"techpulse-backend","timestamp":"2026-05-04 18:31:01"}
{"level":"info","message":"🚀 Secure TechPulse Orchestrator running on http://localhost:5000","service":"techpulse-backend","timestamp":"2026-05-04 18:33:08"}
{"code":"ECONNREFUSED","level":"warn","message":"⚠️ Redis not available. Running without cache:","service":"techpulse-backend","stack":"AggregateError [ECONNREFUSED]: \n    at internalConnectMultiple (node:net:1134:18)\n    at afterConnectMultiple (node:net:1715:7)","timestamp":"2026-05-04 18:33:09"}
{"level":"warn","message":"Redis connection failed. Caching disabled.","service":"techpulse-backend","timestamp":"2026-05-04 18:33:09"}
{"level":"error","message":"Error Caught in Global Handler: [\n  {\n    \"origin\": \"string\",\n    \"code\": \"invalid_format\",\n    \"format\": \"email\",\n    \"pattern\": \"/^(?!\\\\.)(?!.*\\\\.\\\\.)([A-Za-z0-9_'+\\\\-\\\\.]*)[A-Za-z0-9_+-]@([A-Za-z0-9][A-Za-z0-9\\\\-]*\\\\.)+[A-Za-z]{2,}$/\",\n    \"path\": [\n      \"body\",\n      \"email\"\n    ],\n    \"message\": \"Invalid email address\"\n  },\n  {\n    \"origin\": \"string\",\n    \"code\": \"too_small\",\n    \"minimum\": 6,\n    \"inclusive\": true,\n    \"path\": [\n      \"body\",\n      \"password\"\n    ],\n    \"message\": \"Password must be at least 6 characters\"\n  }\n]","name":"ZodError","service":"techpulse-backend","stack":"ZodError: [\n  {\n    \"origin\": \"string\",\n    \"code\": \"invalid_format\",\n    \"format\": \"email\",\n    \"pattern\": \"/^(?!\\\\.)(?!.*\\\\.\\\\.)([A-Za-z0-9_'+\\\\-\\\\.]*)[A-Za-z0-9_+-]@([A-Za-z0-9][A-Za-z0-9\\\\-]*\\\\.)+[A-Za-z]{2,}$/\",\n    \"path\": [\n      \"body\",\n      \"email\"\n    ],\n    \"message\": \"Invalid email address\"\n  },\n  {\n    \"origin\": \"string\",\n    \"code\": \"too_small\",\n    \"minimum\": 6,\n    \"inclusive\": true,\n    \"path\": [\n      \"body\",\n      \"password\"\n    ],\n    \"message\": \"Password must be at least 6 characters\"\n  }\n]\n    at file:///D:/AI-Projects/TechPulse/techpulse-backend/src/middleware/validate.js:5:12\n    at newFn (D:\\AI-Projects\\TechPulse\\techpulse-backend\\node_modules\\express-async-errors\\index.js:16:20)\n    at Layer.handle [as handle_request] (D:\\AI-Projects\\TechPulse\\techpulse-backend\\node_modules\\express\\lib\\router\\layer.js:95:5)\n    at next (D:\\AI-Projects\\TechPulse\\techpulse-backend\\node_modules\\express\\lib\\router\\route.js:149:13)\n    at Route.dispatch (D:\\AI-Projects\\TechPulse\\techpulse-backend\\node_modules\\express\\lib\\router\\route.js:119:3)\n    at newFn (D:\\AI-Projects\\TechPulse\\techpulse-backend\\node_modules\\express-async-errors\\index.js:16:20)\n    at Layer.handle [as handle_request] (D:\\AI-Projects\\TechPulse\\techpulse-backend\\node_modules\\express\\lib\\router\\layer.js:95:5)\n    at D:\\AI-Projects\\TechPulse\\techpulse-backend\\node_modules\\express\\lib\\router\\index.js:284:15\n    at Function.process_params (D:\\AI-Projects\\TechPulse\\techpulse-backend\\node_modules\\express\\lib\\router\\index.js:346:12)\n    at next (D:\\AI-Projects\\TechPulse\\techpulse-backend\\node_modules\\express\\lib\\router\\index.js:280:10)","timestamp":"2026-05-04 18:35:12"}
{"level":"error","message":"Error Caught in Global Handler: [\n  {\n    \"origin\": \"string\",\n    \"code\": \"invalid_format\",\n    \"format\": \"email\",\n    \"pattern\": \"/^(?!\\\\.)(?!.*\\\\.\\\\.)([A-Za-z0-9_'+\\\\-\\\\.]*)[A-Za-z0-9_+-]@([A-Za-z0-9][A-Za-z0-9\\\\-]*\\\\.)+[A-Za-z]{2,}$/\",\n    \"path\": [\n      \"body\",\n      \"email\"\n    ],\n    \"message\": \"Invalid email address\"\n  },\n  {\n    \"origin\": \"string\",\n    \"code\": \"too_small\",\n    \"minimum\": 6,\n    \"inclusive\": true,\n    \"path\": [\n      \"body\",\n      \"password\"\n    ],\n    \"message\": \"Password must be at least 6 characters\"\n  }\n]","name":"ZodError","service":"techpulse-backend","stack":"ZodError: [\n  {\n    \"origin\": \"string\",\n    \"code\": \"invalid_format\",\n    \"format\": \"email\",\n    \"pattern\": \"/^(?!\\\\.)(?!.*\\\\.\\\\.)([A-Za-z0-9_'+\\\\-\\\\.]*)[A-Za-z0-9_+-]@([A-Za-z0-9][A-Za-z0-9\\\\-]*\\\\.)+[A-Za-z]{2,}$/\",\n    \"path\": [\n      \"body\",\n      \"email\"\n    ],\n    \"message\": \"Invalid email address\"\n  },\n  {\n    \"origin\": \"string\",\n    \"code\": \"too_small\",\n    \"minimum\": 6,\n    \"inclusive\": true,\n    \"path\": [\n      \"body\",\n      \"password\"\n    ],\n    \"message\": \"Password must be at least 6 characters\"\n  }\n]\n    at file:///D:/AI-Projects/TechPulse/techpulse-backend/src/middleware/validate.js:5:12\n    at newFn (D:\\AI-Projects\\TechPulse\\techpulse-backend\\node_modules\\express-async-errors\\index.js:16:20)\n    at Layer.handle [as handle_request] (D:\\AI-Projects\\TechPulse\\techpulse-backend\\node_modules\\express\\lib\\router\\layer.js:95:5)\n    at next (D:\\AI-Projects\\TechPulse\\techpulse-backend\\node_modules\\express\\lib\\router\\route.js:149:13)\n    at Route.dispatch (D:\\AI-Projects\\TechPulse\\techpulse-backend\\node_modules\\express\\lib\\router\\route.js:119:3)\n    at newFn (D:\\AI-Projects\\TechPulse\\techpulse-backend\\node_modules\\express-async-errors\\index.js:16:20)\n    at Layer.handle [as handle_request] (D:\\AI-Projects\\TechPulse\\techpulse-backend\\node_modules\\express\\lib\\router\\layer.js:95:5)\n    at D:\\AI-Projects\\TechPulse\\techpulse-backend\\node_modules\\express\\lib\\router\\index.js:284:15\n    at Function.process_params (D:\\AI-Projects\\TechPulse\\techpulse-backend\\node_modules\\express\\lib\\router\\index.js:346:12)\n    at next (D:\\AI-Projects\\TechPulse\\techpulse-backend\\node_modules\\express\\lib\\router\\index.js:280:10)","timestamp":"2026-05-04 18:35:14"}
{"level":"error","message":"Error Caught in Global Handler: [\n  {\n    \"origin\": \"string\",\n    \"code\": \"invalid_format\",\n    \"format\": \"email\",\n    \"pattern\": \"/^(?!\\\\.)(?!.*\\\\.\\\\.)([A-Za-z0-9_'+\\\\-\\\\.]*)[A-Za-z0-9_+-]@([A-Za-z0-9][A-Za-z0-9\\\\-]*\\\\.)+[A-Za-z]{2,}$/\",\n    \"path\": [\n      \"body\",\n      \"email\"\n    ],\n    \"message\": \"Invalid email address\"\n  },\n  {\n    \"origin\": \"string\",\n    \"code\": \"too_small\",\n    \"minimum\": 6,\n    \"inclusive\": true,\n    \"path\": [\n      \"body\",\n      \"password\"\n    ],\n    \"message\": \"Password must be at least 6 characters\"\n  }\n]","name":"ZodError","service":"techpulse-backend","stack":"ZodError: [\n  {\n    \"origin\": \"string\",\n    \"code\": \"invalid_format\",\n    \"format\": \"email\",\n    \"pattern\": \"/^(?!\\\\.)(?!.*\\\\.\\\\.)([A-Za-z0-9_'+\\\\-\\\\.]*)[A-Za-z0-9_+-]@([A-Za-z0-9][A-Za-z0-9\\\\-]*\\\\.)+[A-Za-z]{2,}$/\",\n    \"path\": [\n      \"body\",\n      \"email\"\n    ],\n    \"message\": \"Invalid email address\"\n  },\n  {\n    \"origin\": \"string\",\n    \"code\": \"too_small\",\n    \"minimum\": 6,\n    \"inclusive\": true,\n    \"path\": [\n      \"body\",\n      \"password\"\n    ],\n    \"message\": \"Password must be at least 6 characters\"\n  }\n]\n    at file:///D:/AI-Projects/TechPulse/techpulse-backend/src/middleware/validate.js:5:12\n    at newFn (D:\\AI-Projects\\TechPulse\\techpulse-backend\\node_modules\\express-async-errors\\index.js:16:20)\n    at Layer.handle [as handle_request] (D:\\AI-Projects\\TechPulse\\techpulse-backend\\node_modules\\express\\lib\\router\\layer.js:95:5)\n    at next (D:\\AI-Projects\\TechPulse\\techpulse-backend\\node_modules\\express\\lib\\router\\route.js:149:13)\n    at Route.dispatch (D:\\AI-Projects\\TechPulse\\techpulse-backend\\node_modules\\express\\lib\\router\\route.js:119:3)\n    at newFn (D:\\AI-Projects\\TechPulse\\techpulse-backend\\node_modules\\express-async-errors\\index.js:16:20)\n    at Layer.handle [as handle_request] (D:\\AI-Projects\\TechPulse\\techpulse-backend\\node_modules\\express\\lib\\router\\layer.js:95:5)\n    at D:\\AI-Projects\\TechPulse\\techpulse-backend\\node_modules\\express\\lib\\router\\index.js:284:15\n    at Function.process_params (D:\\AI-Projects\\TechPulse\\techpulse-backend\\node_modules\\express\\lib\\router\\index.js:346:12)\n    at next (D:\\AI-Projects\\TechPulse\\techpulse-backend\\node_modules\\express\\lib\\router\\index.js:280:10)","timestamp":"2026-05-04 18:35:15"}
{"level":"error","message":"Error Caught in Global Handler: [\n  {\n    \"origin\": \"string\",\n    \"code\": \"invalid_format\",\n    \"format\": \"email\",\n    \"pattern\": \"/^(?!\\\\.)(?!.*\\\\.\\\\.)([A-Za-z0-9_'+\\\\-\\\\.]*)[A-Za-z0-9_+-]@([A-Za-z0-9][A-Za-z0-9\\\\-]*\\\\.)+[A-Za-z]{2,}$/\",\n    \"path\": [\n      \"body\",\n      \"email\"\n    ],\n    \"message\": \"Invalid email address\"\n  },\n  {\n    \"origin\": \"string\",\n    \"code\": \"too_small\",\n    \"minimum\": 6,\n    \"inclusive\": true,\n    \"path\": [\n      \"body\",\n      \"password\"\n    ],\n    \"message\": \"Password must be at least 6 characters\"\n  }\n]","name":"ZodError","service":"techpulse-backend","stack":"ZodError: [\n  {\n    \"origin\": \"string\",\n    \"code\": \"invalid_format\",\n    \"format\": \"email\",\n    \"pattern\": \"/^(?!\\\\.)(?!.*\\\\.\\\\.)([A-Za-z0-9_'+\\\\-\\\\.]*)[A-Za-z0-9_+-]@([A-Za-z0-9][A-Za-z0-9\\\\-]*\\\\.)+[A-Za-z]{2,}$/\",\n    \"path\": [\n      \"body\",\n      \"email\"\n    ],\n    \"message\": \"Invalid email address\"\n  },\n  {\n    \"origin\": \"string\",\n    \"code\": \"too_small\",\n    \"minimum\": 6,\n    \"inclusive\": true,\n    \"path\": [\n      \"body\",\n      \"password\"\n    ],\n    \"message\": \"Password must be at least 6 characters\"\n  }\n]\n    at file:///D:/AI-Projects/TechPulse/techpulse-backend/src/middleware/validate.js:5:12\n    at newFn (D:\\AI-Projects\\TechPulse\\techpulse-backend\\node_modules\\express-async-errors\\index.js:16:20)\n    at Layer.handle [as handle_request] (D:\\AI-Projects\\TechPulse\\techpulse-backend\\node_modules\\express\\lib\\router\\layer.js:95:5)\n    at next (D:\\AI-Projects\\TechPulse\\techpulse-backend\\node_modules\\express\\lib\\router\\route.js:149:13)\n    at Route.dispatch (D:\\AI-Projects\\TechPulse\\techpulse-backend\\node_modules\\express\\lib\\router\\route.js:119:3)\n    at newFn (D:\\AI-Projects\\TechPulse\\techpulse-backend\\node_modules\\express-async-errors\\index.js:16:20)\n    at Layer.handle [as handle_request] (D:\\AI-Projects\\TechPulse\\techpulse-backend\\node_modules\\express\\lib\\router\\layer.js:95:5)\n    at D:\\AI-Projects\\TechPulse\\techpulse-backend\\node_modules\\express\\lib\\router\\index.js:284:15\n    at Function.process_params (D:\\AI-Projects\\TechPulse\\techpulse-backend\\node_modules\\express\\lib\\router\\index.js:346:12)\n    at next (D:\\AI-Projects\\TechPulse\\techpulse-backend\\node_modules\\express\\lib\\router\\index.js:280:10)","timestamp":"2026-05-04 18:35:17"}
{"level":"error","message":"Error Caught in Global Handler: [\n  {\n    \"origin\": \"string\",\n    \"code\": \"invalid_format\",\n    \"format\": \"email\",\n    \"pattern\": \"/^(?!\\\\.)(?!.*\\\\.\\\\.)([A-Za-z0-9_'+\\\\-\\\\.]*)[A-Za-z0-9_+-]@([A-Za-z0-9][A-Za-z0-9\\\\-]*\\\\.)+[A-Za-z]{2,}$/\",\n    \"path\": [\n      \"body\",\n      \"email\"\n    ],\n    \"message\": \"Invalid email address\"\n  },\n  {\n    \"origin\": \"string\",\n    \"code\": \"too_small\",\n    \"minimum\": 6,\n    \"inclusive\": true,\n    \"path\": [\n      \"body\",\n      \"password\"\n    ],\n    \"message\": \"Password must be at least 6 characters\"\n  }\n]","name":"ZodError","service":"techpulse-backend","stack":"ZodError: [\n  {\n    \"origin\": \"string\",\n    \"code\": \"invalid_format\",\n    \"format\": \"email\",\n    \"pattern\": \"/^(?!\\\\.)(?!.*\\\\.\\\\.)([A-Za-z0-9_'+\\\\-\\\\.]*)[A-Za-z0-9_+-]@([A-Za-z0-9][A-Za-z0-9\\\\-]*\\\\.)+[A-Za-z]{2,}$/\",\n    \"path\": [\n      \"body\",\n      \"email\"\n    ],\n    \"message\": \"Invalid email address\"\n  },\n  {\n    \"origin\": \"string\",\n    \"code\": \"too_small\",\n    \"minimum\": 6,\n    \"inclusive\": true,\n    \"path\": [\n      \"body\",\n      \"password\"\n    ],\n    \"message\": \"Password must be at least 6 characters\"\n  }\n]\n    at file:///D:/AI-Projects/TechPulse/techpulse-backend/src/middleware/validate.js:5:12\n    at newFn (D:\\AI-Projects\\TechPulse\\techpulse-backend\\node_modules\\express-async-errors\\index.js:16:20)\n    at Layer.handle [as handle_request] (D:\\AI-Projects\\TechPulse\\techpulse-backend\\node_modules\\express\\lib\\router\\layer.js:95:5)\n    at next (D:\\AI-Projects\\TechPulse\\techpulse-backend\\node_modules\\express\\lib\\router\\route.js:149:13)\n    at Route.dispatch (D:\\AI-Projects\\TechPulse\\techpulse-backend\\node_modules\\express\\lib\\router\\route.js:119:3)\n    at newFn (D:\\AI-Projects\\TechPulse\\techpulse-backend\\node_modules\\express-async-errors\\index.js:16:20)\n    at Layer.handle [as handle_request] (D:\\AI-Projects\\TechPulse\\techpulse-backend\\node_modules\\express\\lib\\router\\layer.js:95:5)\n    at D:\\AI-Projects\\TechPulse\\techpulse-backend\\node_modules\\express\\lib\\router\\index.js:284:15\n    at Function.process_params (D:\\AI-Projects\\TechPulse\\techpulse-backend\\node_modules\\express\\lib\\router\\index.js:346:12)\n    at next (D:\\AI-Projects\\TechPulse\\techpulse-backend\\node_modules\\express\\lib\\router\\index.js:280:10)","timestamp":"2026-05-04 18:35:17"}
{"level":"error","message":"Error Caught in Global Handler: [\n  {\n    \"origin\": \"string\",\n    \"code\": \"invalid_format\",\n    \"format\": \"email\",\n    \"pattern\": \"/^(?!\\\\.)(?!.*\\\\.\\\\.)([A-Za-z0-9_'+\\\\-\\\\.]*)[A-Za-z0-9_+-]@([A-Za-z0-9][A-Za-z0-9\\\\-]*\\\\.)+[A-Za-z]{2,}$/\",\n    \"path\": [\n      \"body\",\n      \"email\"\n    ],\n    \"message\": \"Invalid email address\"\n  },\n  {\n    \"origin\": \"string\",\n    \"code\": \"too_small\",\n    \"minimum\": 6,\n    \"inclusive\": true,\n    \"path\": [\n      \"body\",\n      \"password\"\n    ],\n    \"message\": \"Password must be at least 6 characters\"\n  }\n]","name":"ZodError","service":"techpulse-backend","stack":"ZodError: [\n  {\n    \"origin\": \"string\",\n    \"code\": \"invalid_format\",\n    \"format\": \"email\",\n    \"pattern\": \"/^(?!\\\\.)(?!.*\\\\.\\\\.)([A-Za-z0-9_'+\\\\-\\\\.]*)[A-Za-z0-9_+-]@([A-Za-z0-9][A-Za-z0-9\\\\-]*\\\\.)+[A-Za-z]{2,}$/\",\n    \"path\": [\n      \"body\",\n      \"email\"\n    ],\n    \"message\": \"Invalid email address\"\n  },\n  {\n    \"origin\": \"string\",\n    \"code\": \"too_small\",\n    \"minimum\": 6,\n    \"inclusive\": true,\n    \"path\": [\n      \"body\",\n      \"password\"\n    ],\n    \"message\": \"Password must be at least 6 characters\"\n  }\n]\n    at file:///D:/AI-Projects/TechPulse/techpulse-backend/src/middleware/validate.js:5:12\n    at newFn (D:\\AI-Projects\\TechPulse\\techpulse-backend\\node_modules\\express-async-errors\\index.js:16:20)\n    at Layer.handle [as handle_request] (D:\\AI-Projects\\TechPulse\\techpulse-backend\\node_modules\\express\\lib\\router\\layer.js:95:5)\n    at next (D:\\AI-Projects\\TechPulse\\techpulse-backend\\node_modules\\express\\lib\\router\\route.js:149:13)\n    at Route.dispatch (D:\\AI-Projects\\TechPulse\\techpulse-backend\\node_modules\\express\\lib\\router\\route.js:119:3)\n    at newFn (D:\\AI-Projects\\TechPulse\\techpulse-backend\\node_modules\\express-async-errors\\index.js:16:20)\n    at Layer.handle [as handle_request] (D:\\AI-Projects\\TechPulse\\techpulse-backend\\node_modules\\express\\lib\\router\\layer.js:95:5)\n    at D:\\AI-Projects\\TechPulse\\techpulse-backend\\node_modules\\express\\lib\\router\\index.js:284:15\n    at Function.process_params (D:\\AI-Projects\\TechPulse\\techpulse-backend\\node_modules\\express\\lib\\router\\index.js:346:12)\n    at next (D:\\AI-Projects\\TechPulse\\techpulse-backend\\node_modules\\express\\lib\\router\\index.js:280:10)","timestamp":"2026-05-04 18:35:17"}
{"level":"error","message":"Error Caught in Global Handler: [\n  {\n    \"origin\": \"string\",\n    \"code\": \"invalid_format\",\n    \"format\": \"email\",\n    \"pattern\": \"/^(?!\\\\.)(?!.*\\\\.\\\\.)([A-Za-z0-9_'+\\\\-\\\\.]*)[A-Za-z0-9_+-]@([A-Za-z0-9][A-Za-z0-9\\\\-]*\\\\.)+[A-Za-z]{2,}$/\",\n    \"path\": [\n      \"body\",\n      \"email\"\n    ],\n    \"message\": \"Invalid email address\"\n  },\n  {\n    \"origin\": \"string\",\n    \"code\": \"too_small\",\n    \"minimum\": 6,\n    \"inclusive\": true,\n    \"path\": [\n      \"body\",\n      \"password\"\n    ],\n    \"message\": \"Password must be at least 6 characters\"\n  }\n]","name":"ZodError","service":"techpulse-backend","stack":"ZodError: [\n  {\n    \"origin\": \"string\",\n    \"code\": \"invalid_format\",\n    \"format\": \"email\",\n    \"pattern\": \"/^(?!\\\\.)(?!.*\\\\.\\\\.)([A-Za-z0-9_'+\\\\-\\\\.]*)[A-Za-z0-9_+-]@([A-Za-z0-9][A-Za-z0-9\\\\-]*\\\\.)+[A-Za-z]{2,}$/\",\n    \"path\": [\n      \"body\",\n      \"email\"\n    ],\n    \"message\": \"Invalid email address\"\n  },\n  {\n    \"origin\": \"string\",\n    \"code\": \"too_small\",\n    \"minimum\": 6,\n    \"inclusive\": true,\n    \"path\": [\n      \"body\",\n      \"password\"\n    ],\n    \"message\": \"Password must be at least 6 characters\"\n  }\n]\n    at file:///D:/AI-Projects/TechPulse/techpulse-backend/src/middleware/validate.js:5:12\n    at newFn (D:\\AI-Projects\\TechPulse\\techpulse-backend\\node_modules\\express-async-errors\\index.js:16:20)\n    at Layer.handle [as handle_request] (D:\\AI-Projects\\TechPulse\\techpulse-backend\\node_modules\\express\\lib\\router\\layer.js:95:5)\n    at next (D:\\AI-Projects\\TechPulse\\techpulse-backend\\node_modules\\express\\lib\\router\\route.js:149:13)\n    at Route.dispatch (D:\\AI-Projects\\TechPulse\\techpulse-backend\\node_modules\\express\\lib\\router\\route.js:119:3)\n    at newFn (D:\\AI-Projects\\TechPulse\\techpulse-backend\\node_modules\\express-async-errors\\index.js:16:20)\n    at Layer.handle [as handle_request] (D:\\AI-Projects\\TechPulse\\techpulse-backend\\node_modules\\express\\lib\\router\\layer.js:95:5)\n    at D:\\AI-Projects\\TechPulse\\techpulse-backend\\node_modules\\express\\lib\\router\\index.js:284:15\n    at Function.process_params (D:\\AI-Projects\\TechPulse\\techpulse-backend\\node_modules\\express\\lib\\router\\index.js:346:12)\n    at next (D:\\AI-Projects\\TechPulse\\techpulse-backend\\node_modules\\express\\lib\\router\\index.js:280:10)","timestamp":"2026-05-04 18:35:18"}
{"level":"error","message":"Error Caught in Global Handler: [\n  {\n    \"origin\": \"string\",\n    \"code\": \"invalid_format\",\n    \"format\": \"email\",\n    \"pattern\": \"/^(?!\\\\.)(?!.*\\\\.\\\\.)([A-Za-z0-9_'+\\\\-\\\\.]*)[A-Za-z0-9_+-]@([A-Za-z0-9][A-Za-z0-9\\\\-]*\\\\.)+[A-Za-z]{2,}$/\",\n    \"path\": [\n      \"body\",\n      \"email\"\n    ],\n    \"message\": \"Invalid email address\"\n  },\n  {\n    \"origin\": \"string\",\n    \"code\": \"too_small\",\n    \"minimum\": 6,\n    \"inclusive\": true,\n    \"path\": [\n      \"body\",\n      \"password\"\n    ],\n    \"message\": \"Password must be at least 6 characters\"\n  }\n]","name":"ZodError","service":"techpulse-backend","stack":"ZodError: [\n  {\n    \"origin\": \"string\",\n    \"code\": \"invalid_format\",\n    \"format\": \"email\",\n    \"pattern\": \"/^(?!\\\\.)(?!.*\\\\.\\\\.)([A-Za-z0-9_'+\\\\-\\\\.]*)[A-Za-z0-9_+-]@([A-Za-z0-9][A-Za-z0-9\\\\-]*\\\\.)+[A-Za-z]{2,}$/\",\n    \"path\": [\n      \"body\",\n      \"email\"\n    ],\n    \"message\": \"Invalid email address\"\n  },\n  {\n    \"origin\": \"string\",\n    \"code\": \"too_small\",\n    \"minimum\": 6,\n    \"inclusive\": true,\n    \"path\": [\n      \"body\",\n      \"password\"\n    ],\n    \"message\": \"Password must be at least 6 characters\"\n  }\n]\n    at file:///D:/AI-Projects/TechPulse/techpulse-backend/src/middleware/validate.js:5:12\n    at newFn (D:\\AI-Projects\\TechPulse\\techpulse-backend\\node_modules\\express-async-errors\\index.js:16:20)\n    at Layer.handle [as handle_request] (D:\\AI-Projects\\TechPulse\\techpulse-backend\\node_modules\\express\\lib\\router\\layer.js:95:5)\n    at next (D:\\AI-Projects\\TechPulse\\techpulse-backend\\node_modules\\express\\lib\\router\\route.js:149:13)\n    at Route.dispatch (D:\\AI-Projects\\TechPulse\\techpulse-backend\\node_modules\\express\\lib\\router\\route.js:119:3)\n    at newFn (D:\\AI-Projects\\TechPulse\\techpulse-backend\\node_modules\\express-async-errors\\index.js:16:20)\n    at Layer.handle [as handle_request] (D:\\AI-Projects\\TechPulse\\techpulse-backend\\node_modules\\express\\lib\\router\\layer.js:95:5)\n    at D:\\AI-Projects\\TechPulse\\techpulse-backend\\node_modules\\express\\lib\\router\\index.js:284:15\n    at Function.process_params (D:\\AI-Projects\\TechPulse\\techpulse-backend\\node_modules\\express\\lib\\router\\index.js:346:12)\n    at next (D:\\AI-Projects\\TechPulse\\techpulse-backend\\node_modules\\express\\lib\\router\\index.js:280:10)","timestamp":"2026-05-04 18:35:18"}
{"level":"error","message":"Error Caught in Global Handler: [\n  {\n    \"origin\": \"string\",\n    \"code\": \"invalid_format\",\n    \"format\": \"email\",\n    \"pattern\": \"/^(?!\\\\.)(?!.*\\\\.\\\\.)([A-Za-z0-9_'+\\\\-\\\\.]*)[A-Za-z0-9_+-]@([A-Za-z0-9][A-Za-z0-9\\\\-]*\\\\.)+[A-Za-z]{2,}$/\",\n    \"path\": [\n      \"body\",\n      \"email\"\n    ],\n    \"message\": \"Invalid email address\"\n  },\n  {\n    \"origin\": \"string\",\n    \"code\": \"too_small\",\n    \"minimum\": 6,\n    \"inclusive\": true,\n    \"path\": [\n      \"body\",\n      \"password\"\n    ],\n    \"message\": \"Password must be at least 6 characters\"\n  }\n]","name":"ZodError","service":"techpulse-backend","stack":"ZodError: [\n  {\n    \"origin\": \"string\",\n    \"code\": \"invalid_format\",\n    \"format\": \"email\",\n    \"pattern\": \"/^(?!\\\\.)(?!.*\\\\.\\\\.)([A-Za-z0-9_'+\\\\-\\\\.]*)[A-Za-z0-9_+-]@([A-Za-z0-9][A-Za-z0-9\\\\-]*\\\\.)+[A-Za-z]{2,}$/\",\n    \"path\": [\n      \"body\",\n      \"email\"\n    ],\n    \"message\": \"Invalid email address\"\n  },\n  {\n    \"origin\": \"string\",\n    \"code\": \"too_small\",\n    \"minimum\": 6,\n    \"inclusive\": true,\n    \"path\": [\n      \"body\",\n      \"password\"\n    ],\n    \"message\": \"Password must be at least 6 characters\"\n  }\n]\n    at file:///D:/AI-Projects/TechPulse/techpulse-backend/src/middleware/validate.js:5:12\n    at newFn (D:\\AI-Projects\\TechPulse\\techpulse-backend\\node_modules\\express-async-errors\\index.js:16:20)\n    at Layer.handle [as handle_request] (D:\\AI-Projects\\TechPulse\\techpulse-backend\\node_modules\\express\\lib\\router\\layer.js:95:5)\n    at next (D:\\AI-Projects\\TechPulse\\techpulse-backend\\node_modules\\express\\lib\\router\\route.js:149:13)\n    at Route.dispatch (D:\\AI-Projects\\TechPulse\\techpulse-backend\\node_modules\\express\\lib\\router\\route.js:119:3)\n    at newFn (D:\\AI-Projects\\TechPulse\\techpulse-backend\\node_modules\\express-async-errors\\index.js:16:20)\n    at Layer.handle [as handle_request] (D:\\AI-Projects\\TechPulse\\techpulse-backend\\node_modules\\express\\lib\\router\\layer.js:95:5)\n    at D:\\AI-Projects\\TechPulse\\techpulse-backend\\node_modules\\express\\lib\\router\\index.js:284:15\n    at Function.process_params (D:\\AI-Projects\\TechPulse\\techpulse-backend\\node_modules\\express\\lib\\router\\index.js:346:12)\n    at next (D:\\AI-Projects\\TechPulse\\techpulse-backend\\node_modules\\express\\lib\\router\\index.js:280:10)","timestamp":"2026-05-04 18:35:19"}
{"level":"error","message":"Error Caught in Global Handler: [\n  {\n    \"origin\": \"string\",\n    \"code\": \"invalid_format\",\n    \"format\": \"email\",\n    \"pattern\": \"/^(?!\\\\.)(?!.*\\\\.\\\\.)([A-Za-z0-9_'+\\\\-\\\\.]*)[A-Za-z0-9_+-]@([A-Za-z0-9][A-Za-z0-9\\\\-]*\\\\.)+[A-Za-z]{2,}$/\",\n    \"path\": [\n      \"body\",\n      \"email\"\n    ],\n    \"message\": \"Invalid email address\"\n  },\n  {\n    \"origin\": \"string\",\n    \"code\": \"too_small\",\n    \"minimum\": 6,\n    \"inclusive\": true,\n    \"path\": [\n      \"body\",\n      \"password\"\n    ],\n    \"message\": \"Password must be at least 6 characters\"\n  }\n]","name":"ZodError","service":"techpulse-backend","stack":"ZodError: [\n  {\n    \"origin\": \"string\",\n    \"code\": \"invalid_format\",\n    \"format\": \"email\",\n    \"pattern\": \"/^(?!\\\\.)(?!.*\\\\.\\\\.)([A-Za-z0-9_'+\\\\-\\\\.]*)[A-Za-z0-9_+-]@([A-Za-z0-9][A-Za-z0-9\\\\-]*\\\\.)+[A-Za-z]{2,}$/\",\n    \"path\": [\n      \"body\",\n      \"email\"\n    ],\n    \"message\": \"Invalid email address\"\n  },\n  {\n    \"origin\": \"string\",\n    \"code\": \"too_small\",\n    \"minimum\": 6,\n    \"inclusive\": true,\n    \"path\": [\n      \"body\",\n      \"password\"\n    ],\n    \"message\": \"Password must be at least 6 characters\"\n  }\n]\n    at file:///D:/AI-Projects/TechPulse/techpulse-backend/src/middleware/validate.js:5:12\n    at newFn (D:\\AI-Projects\\TechPulse\\techpulse-backend\\node_modules\\express-async-errors\\index.js:16:20)\n    at Layer.handle [as handle_request] (D:\\AI-Projects\\TechPulse\\techpulse-backend\\node_modules\\express\\lib\\router\\layer.js:95:5)\n    at next (D:\\AI-Projects\\TechPulse\\techpulse-backend\\node_modules\\express\\lib\\router\\route.js:149:13)\n    at Route.dispatch (D:\\AI-Projects\\TechPulse\\techpulse-backend\\node_modules\\express\\lib\\router\\route.js:119:3)\n    at newFn (D:\\AI-Projects\\TechPulse\\techpulse-backend\\node_modules\\express-async-errors\\index.js:16:20)\n    at Layer.handle [as handle_request] (D:\\AI-Projects\\TechPulse\\techpulse-backend\\node_modules\\express\\lib\\router\\layer.js:95:5)\n    at D:\\AI-Projects\\TechPulse\\techpulse-backend\\node_modules\\express\\lib\\router\\index.js:284:15\n    at Function.process_params (D:\\AI-Projects\\TechPulse\\techpulse-backend\\node_modules\\express\\lib\\router\\index.js:346:12)\n    at next (D:\\AI-Projects\\TechPulse\\techpulse-backend\\node_modules\\express\\lib\\router\\index.js:280:10)","timestamp":"2026-05-04 18:35:20"}
{"level":"error","message":"Error Caught in Global Handler: [\n  {\n    \"origin\": \"string\",\n    \"code\": \"invalid_format\",\n    \"format\": \"email\",\n    \"pattern\": \"/^(?!\\\\.)(?!.*\\\\.\\\\.)([A-Za-z0-9_'+\\\\-\\\\.]*)[A-Za-z0-9_+-]@([A-Za-z0-9][A-Za-z0-9\\\\-]*\\\\.)+[A-Za-z]{2,}$/\",\n    \"path\": [\n      \"body\",\n      \"email\"\n    ],\n    \"message\": \"Invalid email address\"\n  },\n  {\n    \"origin\": \"string\",\n    \"code\": \"too_small\",\n    \"minimum\": 6,\n    \"inclusive\": true,\n    \"path\": [\n      \"body\",\n      \"password\"\n    ],\n    \"message\": \"Password must be at least 6 characters\"\n  }\n]","name":"ZodError","service":"techpulse-backend","stack":"ZodError: [\n  {\n    \"origin\": \"string\",\n    \"code\": \"invalid_format\",\n    \"format\": \"email\",\n    \"pattern\": \"/^(?!\\\\.)(?!.*\\\\.\\\\.)([A-Za-z0-9_'+\\\\-\\\\.]*)[A-Za-z0-9_+-]@([A-Za-z0-9][A-Za-z0-9\\\\-]*\\\\.)+[A-Za-z]{2,}$/\",\n    \"path\": [\n      \"body\",\n      \"email\"\n    ],\n    \"message\": \"Invalid email address\"\n  },\n  {\n    \"origin\": \"string\",\n    \"code\": \"too_small\",\n    \"minimum\": 6,\n    \"inclusive\": true,\n    \"path\": [\n      \"body\",\n      \"password\"\n    ],\n    \"message\": \"Password must be at least 6 characters\"\n  }\n]\n    at file:///D:/AI-Projects/TechPulse/techpulse-backend/src/middleware/validate.js:5:12\n    at newFn (D:\\AI-Projects\\TechPulse\\techpulse-backend\\node_modules\\express-async-errors\\index.js:16:20)\n    at Layer.handle [as handle_request] (D:\\AI-Projects\\TechPulse\\techpulse-backend\\node_modules\\express\\lib\\router\\layer.js:95:5)\n    at next (D:\\AI-Projects\\TechPulse\\techpulse-backend\\node_modules\\express\\lib\\router\\route.js:149:13)\n    at Route.dispatch (D:\\AI-Projects\\TechPulse\\techpulse-backend\\node_modules\\express\\lib\\router\\route.js:119:3)\n    at newFn (D:\\AI-Projects\\TechPulse\\techpulse-backend\\node_modules\\express-async-errors\\index.js:16:20)\n    at Layer.handle [as handle_request] (D:\\AI-Projects\\TechPulse\\techpulse-backend\\node_modules\\express\\lib\\router\\layer.js:95:5)\n    at D:\\AI-Projects\\TechPulse\\techpulse-backend\\node_modules\\express\\lib\\router\\index.js:284:15\n    at Function.process_params (D:\\AI-Projects\\TechPulse\\techpulse-backend\\node_modules\\express\\lib\\router\\index.js:346:12)\n    at next (D:\\AI-Projects\\TechPulse\\techpulse-backend\\node_modules\\express\\lib\\router\\index.js:280:10)","timestamp":"2026-05-04 18:35:20"}
{"level":"error","message":"Error Caught in Global Handler: [\n  {\n    \"origin\": \"string\",\n    \"code\": \"invalid_format\",\n    \"format\": \"email\",\n    \"pattern\": \"/^(?!\\\\.)(?!.*\\\\.\\\\.)([A-Za-z0-9_'+\\\\-\\\\.]*)[A-Za-z0-9_+-]@([A-Za-z0-9][A-Za-z0-9\\\\-]*\\\\.)+[A-Za-z]{2,}$/\",\n    \"path\": [\n      \"body\",\n      \"email\"\n    ],\n    \"message\": \"Invalid email address\"\n  },\n  {\n    \"origin\": \"string\",\n    \"code\": \"too_small\",\n    \"minimum\": 6,\n    \"inclusive\": true,\n    \"path\": [\n      \"body\",\n      \"password\"\n    ],\n    \"message\": \"Password must be at least 6 characters\"\n  }\n]","name":"ZodError","service":"techpulse-backend","stack":"ZodError: [\n  {\n    \"origin\": \"string\",\n    \"code\": \"invalid_format\",\n    \"format\": \"email\",\n    \"pattern\": \"/^(?!\\\\.)(?!.*\\\\.\\\\.)([A-Za-z0-9_'+\\\\-\\\\.]*)[A-Za-z0-9_+-]@([A-Za-z0-9][A-Za-z0-9\\\\-]*\\\\.)+[A-Za-z]{2,}$/\",\n    \"path\": [\n      \"body\",\n      \"email\"\n    ],\n    \"message\": \"Invalid email address\"\n  },\n  {\n    \"origin\": \"string\",\n    \"code\": \"too_small\",\n    \"minimum\": 6,\n    \"inclusive\": true,\n    \"path\": [\n      \"body\",\n      \"password\"\n    ],\n    \"message\": \"Password must be at least 6 characters\"\n  }\n]\n    at file:///D:/AI-Projects/TechPulse/techpulse-backend/src/middleware/validate.js:5:12\n    at newFn (D:\\AI-Projects\\TechPulse\\techpulse-backend\\node_modules\\express-async-errors\\index.js:16:20)\n    at Layer.handle [as handle_request] (D:\\AI-Projects\\TechPulse\\techpulse-backend\\node_modules\\express\\lib\\router\\layer.js:95:5)\n    at next (D:\\AI-Projects\\TechPulse\\techpulse-backend\\node_modules\\express\\lib\\router\\route.js:149:13)\n    at Route.dispatch (D:\\AI-Projects\\TechPulse\\techpulse-backend\\node_modules\\express\\lib\\router\\route.js:119:3)\n    at newFn (D:\\AI-Projects\\TechPulse\\techpulse-backend\\node_modules\\express-async-errors\\index.js:16:20)\n    at Layer.handle [as handle_request] (D:\\AI-Projects\\TechPulse\\techpulse-backend\\node_modules\\express\\lib\\router\\layer.js:95:5)\n    at D:\\AI-Projects\\TechPulse\\techpulse-backend\\node_modules\\express\\lib\\router\\index.js:284:15\n    at Function.process_params (D:\\AI-Projects\\TechPulse\\techpulse-backend\\node_modules\\express\\lib\\router\\index.js:346:12)\n    at next (D:\\AI-Projects\\TechPulse\\techpulse-backend\\node_modules\\express\\lib\\router\\index.js:280:10)","timestamp":"2026-05-04 18:35:21"}
{"level":"error","message":"Error Caught in Global Handler: [\n  {\n    \"origin\": \"string\",\n    \"code\": \"invalid_format\",\n    \"format\": \"email\",\n    \"pattern\": \"/^(?!\\\\.)(?!.*\\\\.\\\\.)([A-Za-z0-9_'+\\\\-\\\\.]*)[A-Za-z0-9_+-]@([A-Za-z0-9][A-Za-z0-9\\\\-]*\\\\.)+[A-Za-z]{2,}$/\",\n    \"path\": [\n      \"body\",\n      \"email\"\n    ],\n    \"message\": \"Invalid email address\"\n  },\n  {\n    \"origin\": \"string\",\n    \"code\": \"too_small\",\n    \"minimum\": 6,\n    \"inclusive\": true,\n    \"path\": [\n      \"body\",\n      \"password\"\n    ],\n    \"message\": \"Password must be at least 6 characters\"\n  }\n]","name":"ZodError","service":"techpulse-backend","stack":"ZodError: [\n  {\n    \"origin\": \"string\",\n    \"code\": \"invalid_format\",\n    \"format\": \"email\",\n    \"pattern\": \"/^(?!\\\\.)(?!.*\\\\.\\\\.)([A-Za-z0-9_'+\\\\-\\\\.]*)[A-Za-z0-9_+-]@([A-Za-z0-9][A-Za-z0-9\\\\-]*\\\\.)+[A-Za-z]{2,}$/\",\n    \"path\": [\n      \"body\",\n      \"email\"\n    ],\n    \"message\": \"Invalid email address\"\n  },\n  {\n    \"origin\": \"string\",\n    \"code\": \"too_small\",\n    \"minimum\": 6,\n    \"inclusive\": true,\n    \"path\": [\n      \"body\",\n      \"password\"\n    ],\n    \"message\": \"Password must be at least 6 characters\"\n  }\n]\n    at file:///D:/AI-Projects/TechPulse/techpulse-backend/src/middleware/validate.js:5:12\n    at newFn (D:\\AI-Projects\\TechPulse\\techpulse-backend\\node_modules\\express-async-errors\\index.js:16:20)\n    at Layer.handle [as handle_request] (D:\\AI-Projects\\TechPulse\\techpulse-backend\\node_modules\\express\\lib\\router\\layer.js:95:5)\n    at next (D:\\AI-Projects\\TechPulse\\techpulse-backend\\node_modules\\express\\lib\\router\\route.js:149:13)\n    at Route.dispatch (D:\\AI-Projects\\TechPulse\\techpulse-backend\\node_modules\\express\\lib\\router\\route.js:119:3)\n    at newFn (D:\\AI-Projects\\TechPulse\\techpulse-backend\\node_modules\\express-async-errors\\index.js:16:20)\n    at Layer.handle [as handle_request] (D:\\AI-Projects\\TechPulse\\techpulse-backend\\node_modules\\express\\lib\\router\\layer.js:95:5)\n    at D:\\AI-Projects\\TechPulse\\techpulse-backend\\node_modules\\express\\lib\\router\\index.js:284:15\n    at Function.process_params (D:\\AI-Projects\\TechPulse\\techpulse-backend\\node_modules\\express\\lib\\router\\index.js:346:12)\n    at next (D:\\AI-Projects\\TechPulse\\techpulse-backend\\node_modules\\express\\lib\\router\\index.js:280:10)","timestamp":"2026-05-04 18:35:22"}
{"level":"error","message":"Error Caught in Global Handler: [\n  {\n    \"origin\": \"string\",\n    \"code\": \"invalid_format\",\n    \"format\": \"email\",\n    \"pattern\": \"/^(?!\\\\.)(?!.*\\\\.\\\\.)([A-Za-z0-9_'+\\\\-\\\\.]*)[A-Za-z0-9_+-]@([A-Za-z0-9][A-Za-z0-9\\\\-]*\\\\.)+[A-Za-z]{2,}$/\",\n    \"path\": [\n      \"body\",\n      \"email\"\n    ],\n    \"message\": \"Invalid email address\"\n  },\n  {\n    \"origin\": \"string\",\n    \"code\": \"too_small\",\n    \"minimum\": 6,\n    \"inclusive\": true,\n    \"path\": [\n      \"body\",\n      \"password\"\n    ],\n    \"message\": \"Password must be at least 6 characters\"\n  }\n]","name":"ZodError","service":"techpulse-backend","stack":"ZodError: [\n  {\n    \"origin\": \"string\",\n    \"code\": \"invalid_format\",\n    \"format\": \"email\",\n    \"pattern\": \"/^(?!\\\\.)(?!.*\\\\.\\\\.)([A-Za-z0-9_'+\\\\-\\\\.]*)[A-Za-z0-9_+-]@([A-Za-z0-9][A-Za-z0-9\\\\-]*\\\\.)+[A-Za-z]{2,}$/\",\n    \"path\": [\n      \"body\",\n      \"email\"\n    ],\n    \"message\": \"Invalid email address\"\n  },\n  {\n    \"origin\": \"string\",\n    \"code\": \"too_small\",\n    \"minimum\": 6,\n    \"inclusive\": true,\n    \"path\": [\n      \"body\",\n      \"password\"\n    ],\n    \"message\": \"Password must be at least 6 characters\"\n  }\n]\n    at file:///D:/AI-Projects/TechPulse/techpulse-backend/src/middleware/validate.js:5:12\n    at newFn (D:\\AI-Projects\\TechPulse\\techpulse-backend\\node_modules\\express-async-errors\\index.js:16:20)\n    at Layer.handle [as handle_request] (D:\\AI-Projects\\TechPulse\\techpulse-backend\\node_modules\\express\\lib\\router\\layer.js:95:5)\n    at next (D:\\AI-Projects\\TechPulse\\techpulse-backend\\node_modules\\express\\lib\\router\\route.js:149:13)\n    at Route.dispatch (D:\\AI-Projects\\TechPulse\\techpulse-backend\\node_modules\\express\\lib\\router\\route.js:119:3)\n    at newFn (D:\\AI-Projects\\TechPulse\\techpulse-backend\\node_modules\\express-async-errors\\index.js:16:20)\n    at Layer.handle [as handle_request] (D:\\AI-Projects\\TechPulse\\techpulse-backend\\node_modules\\express\\lib\\router\\layer.js:95:5)\n    at D:\\AI-Projects\\TechPulse\\techpulse-backend\\node_modules\\express\\lib\\router\\index.js:284:15\n    at Function.process_params (D:\\AI-Projects\\TechPulse\\techpulse-backend\\node_modules\\express\\lib\\router\\index.js:346:12)\n    at next (D:\\AI-Projects\\TechPulse\\techpulse-backend\\node_modules\\express\\lib\\router\\index.js:280:10)","timestamp":"2026-05-04 18:35:22"}
{"level":"info","message":"🚀 Secure TechPulse Orchestrator running on http://localhost:5000","service":"techpulse-backend","timestamp":"2026-05-04 18:35:55"}
{"code":"ECONNREFUSED","level":"warn","message":"⚠️ Redis not available. Running without cache:","service":"techpulse-backend","stack":"AggregateError [ECONNREFUSED]: \n    at internalConnectMultiple (node:net:1134:18)\n    at afterConnectMultiple (node:net:1715:7)","timestamp":"2026-05-04 18:35:56"}
{"level":"warn","message":"Redis connection failed. Caching disabled.","service":"techpulse-backend","timestamp":"2026-05-04 18:35:56"}
{"level":"error","message":"Error Caught in Global Handler: [\n  {\n    \"origin\": \"string\",\n    \"code\": \"invalid_format\",\n    \"format\": \"email\",\n    \"pattern\": \"/^(?!\\\\.)(?!.*\\\\.\\\\.)([A-Za-z0-9_'+\\\\-\\\\.]*)[A-Za-z0-9_+-]@([A-Za-z0-9][A-Za-z0-9\\\\-]*\\\\.)+[A-Za-z]{2,}$/\",\n    \"path\": [\n      \"body\",\n      \"email\"\n    ],\n    \"message\": \"Invalid email address\"\n  },\n  {\n    \"origin\": \"string\",\n    \"code\": \"too_small\",\n    \"minimum\": 6,\n    \"inclusive\": true,\n    \"path\": [\n      \"body\",\n      \"password\"\n    ],\n    \"message\": \"Password must be at least 6 characters\"\n  }\n]","name":"ZodError","service":"techpulse-backend","stack":"ZodError: [\n  {\n    \"origin\": \"string\",\n    \"code\": \"invalid_format\",\n    \"format\": \"email\",\n    \"pattern\": \"/^(?!\\\\.)(?!.*\\\\.\\\\.)([A-Za-z0-9_'+\\\\-\\\\.]*)[A-Za-z0-9_+-]@([A-Za-z0-9][A-Za-z0-9\\\\-]*\\\\.)+[A-Za-z]{2,}$/\",\n    \"path\": [\n      \"body\",\n      \"email\"\n    ],\n    \"message\": \"Invalid email address\"\n  },\n  {\n    \"origin\": \"string\",\n    \"code\": \"too_small\",\n    \"minimum\": 6,\n    \"inclusive\": true,\n    \"path\": [\n      \"body\",\n      \"password\"\n    ],\n    \"message\": \"Password must be at least 6 characters\"\n  }\n]\n    at file:///D:/AI-Projects/TechPulse/techpulse-backend/src/middleware/validate.js:5:12\n    at newFn (D:\\AI-Projects\\TechPulse\\techpulse-backend\\node_modules\\express-async-errors\\index.js:16:20)\n    at Layer.handle [as handle_request] (D:\\AI-Projects\\TechPulse\\techpulse-backend\\node_modules\\express\\lib\\router\\layer.js:95:5)\n    at next (D:\\AI-Projects\\TechPulse\\techpulse-backend\\node_modules\\express\\lib\\router\\route.js:149:13)\n    at Route.dispatch (D:\\AI-Projects\\TechPulse\\techpulse-backend\\node_modules\\express\\lib\\router\\route.js:119:3)\n    at newFn (D:\\AI-Projects\\TechPulse\\techpulse-backend\\node_modules\\express-async-errors\\index.js:16:20)\n    at Layer.handle [as handle_request] (D:\\AI-Projects\\TechPulse\\techpulse-backend\\node_modules\\express\\lib\\router\\layer.js:95:5)\n    at D:\\AI-Projects\\TechPulse\\techpulse-backend\\node_modules\\express\\lib\\router\\index.js:284:15\n    at Function.process_params (D:\\AI-Projects\\TechPulse\\techpulse-backend\\node_modules\\express\\lib\\router\\index.js:346:12)\n    at next (D:\\AI-Projects\\TechPulse\\techpulse-backend\\node_modules\\express\\lib\\router\\index.js:280:10)","timestamp":"2026-05-04 18:36:41"}
{"level":"info","message":"🚀 Secure TechPulse Orchestrator running on http://localhost:5000","service":"techpulse-backend","timestamp":"2026-05-04 18:37:27"}
{"code":"ECONNREFUSED","level":"warn","message":"⚠️ Redis not available. Running without cache:","service":"techpulse-backend","stack":"AggregateError [ECONNREFUSED]: \n    at internalConnectMultiple (node:net:1134:18)\n    at afterConnectMultiple (node:net:1715:7)","timestamp":"2026-05-04 18:37:27"}
{"level":"warn","message":"Redis connection failed. Caching disabled.","service":"techpulse-backend","timestamp":"2026-05-04 18:37:27"}
{"level":"error","message":"Error Caught in Global Handler: Cannot read properties of undefined (reading 'map')","name":"TypeError","service":"techpulse-backend","stack":"TypeError: Cannot read properties of undefined (reading 'map')\n    at file:///D:/AI-Projects/TechPulse/techpulse-backend/src/middleware/validate.js:15:36\n    at newFn (D:\\AI-Projects\\TechPulse\\techpulse-backend\\node_modules\\express-async-errors\\index.js:16:20)\n    at Layer.handle [as handle_request] (D:\\AI-Projects\\TechPulse\\techpulse-backend\\node_modules\\express\\lib\\router\\layer.js:95:5)\n    at next (D:\\AI-Projects\\TechPulse\\techpulse-backend\\node_modules\\express\\lib\\router\\route.js:149:13)\n    at Route.dispatch (D:\\AI-Projects\\TechPulse\\techpulse-backend\\node_modules\\express\\lib\\router\\route.js:119:3)\n    at newFn (D:\\AI-Projects\\TechPulse\\techpulse-backend\\node_modules\\express-async-errors\\index.js:16:20)\n    at Layer.handle [as handle_request] (D:\\AI-Projects\\TechPulse\\techpulse-backend\\node_modules\\express\\lib\\router\\layer.js:95:5)\n    at D:\\AI-Projects\\TechPulse\\techpulse-backend\\node_modules\\express\\lib\\router\\index.js:284:15\n    at Function.process_params (D:\\AI-Projects\\TechPulse\\techpulse-backend\\node_modules\\express\\lib\\router\\index.js:346:12)\n    at next (D:\\AI-Projects\\TechPulse\\techpulse-backend\\node_modules\\express\\lib\\router\\index.js:280:10)","timestamp":"2026-05-04 18:37:31"}
{"level":"info","message":"🚀 Secure TechPulse Orchestrator running on http://localhost:5000","service":"techpulse-backend","timestamp":"2026-05-04 18:37:46"}
{"code":"ECONNREFUSED","level":"warn","message":"⚠️ Redis not available. Running without cache:","service":"techpulse-backend","stack":"AggregateError [ECONNREFUSED]: \n    at internalConnectMultiple (node:net:1134:18)\n    at afterConnectMultiple (node:net:1715:7)","timestamp":"2026-05-04 18:37:46"}
{"level":"warn","message":"Redis connection failed. Caching disabled.","service":"techpulse-backend","timestamp":"2026-05-04 18:37:46"}
{"level":"error","message":"Error Caught in Global Handler: Invalid email address, Password must be at least 6 characters","name":"Error","service":"techpulse-backend","stack":"Error: Invalid email address, Password must be at least 6 characters\n    at file:///D:/AI-Projects/TechPulse/techpulse-backend/src/middleware/validate.js:16:19\n    at newFn (D:\\AI-Projects\\TechPulse\\techpulse-backend\\node_modules\\express-async-errors\\index.js:16:20)\n    at Layer.handle [as handle_request] (D:\\AI-Projects\\TechPulse\\techpulse-backend\\node_modules\\express\\lib\\router\\layer.js:95:5)\n    at next (D:\\AI-Projects\\TechPulse\\techpulse-backend\\node_modules\\express\\lib\\router\\route.js:149:13)\n    at Route.dispatch (D:\\AI-Projects\\TechPulse\\techpulse-backend\\node_modules\\express\\lib\\router\\route.js:119:3)\n    at newFn (D:\\AI-Projects\\TechPulse\\techpulse-backend\\node_modules\\express-async-errors\\index.js:16:20)\n    at Layer.handle [as handle_request] (D:\\AI-Projects\\TechPulse\\techpulse-backend\\node_modules\\express\\lib\\router\\layer.js:95:5)\n    at D:\\AI-Projects\\TechPulse\\techpulse-backend\\node_modules\\express\\lib\\router\\index.js:284:15\n    at Function.process_params (D:\\AI-Projects\\TechPulse\\techpulse-backend\\node_modules\\express\\lib\\router\\index.js:346:12)\n    at next (D:\\AI-Projects\\TechPulse\\techpulse-backend\\node_modules\\express\\lib\\router\\index.js:280:10)","statusCode":400,"timestamp":"2026-05-04 18:37:50"}
{"level":"error","message":"Error Caught in Global Handler: \nInvalid `prisma.user.create()` invocation:\n\n{\n  data: {\n    email: \"newuser@example.com\",\n    password: \"$2b$10$PqjOiZmYJ8YzhKRh3m.wcui4PFiAm9OcYecrk/.BIAcCjl55bV2km\",\n    role: \"ADMIN\",\n    interestedTags: [],\n    ~~~~~~~~~~~~~~\n    contentPreferences: [],\n    interests: [],\n?   id?: String,\n?   createdAt?: DateTime,\n?   history?: SavedAnalysisCreateNestedManyWithoutUserInput,\n?   savedArticles?: SavedArticleCreateNestedManyWithoutUserInput,\n?   followedTechs?: FollowCreateNestedManyWithoutUserInput\n  }\n}\n\nUnknown argument `interestedTags`. Available options are marked with ?.","name":"PrismaClientValidationError","service":"techpulse-backend","stack":"PrismaClientValidationError: \nInvalid `prisma.user.create()` invocation:\n\n{\n  data: {\n    email: \"newuser@example.com\",\n    password: \"$2b$10$PqjOiZmYJ8YzhKRh3m.wcui4PFiAm9OcYecrk/.BIAcCjl55bV2km\",\n    role: \"ADMIN\",\n    interestedTags: [],\n    ~~~~~~~~~~~~~~\n    contentPreferences: [],\n    interests: [],\n?   id?: String,\n?   createdAt?: DateTime,\n?   history?: SavedAnalysisCreateNestedManyWithoutUserInput,\n?   savedArticles?: SavedArticleCreateNestedManyWithoutUserInput,\n?   followedTechs?: FollowCreateNestedManyWithoutUserInput\n  }\n}\n\nUnknown argument `interestedTags`. Available options are marked with ?.\n    at Nn (D:\\AI-Projects\\TechPulse\\techpulse-backend\\node_modules\\@prisma\\client\\runtime\\library.js:29:1363)\n    at ei.handleRequestError (D:\\AI-Projects\\TechPulse\\techpulse-backend\\node_modules\\@prisma\\client\\runtime\\library.js:121:6911)\n    at ei.handleAndLogRequestError (D:\\AI-Projects\\TechPulse\\techpulse-backend\\node_modules\\@prisma\\client\\runtime\\library.js:121:6593)\n    at ei.request (D:\\AI-Projects\\TechPulse\\techpulse-backend\\node_modules\\@prisma\\client\\runtime\\library.js:121:6300)\n    at async a (D:\\AI-Projects\\TechPulse\\techpulse-backend\\node_modules\\@prisma\\client\\runtime\\library.js:130:9551)\n    at async signup (file:///D:/AI-Projects/TechPulse/techpulse-backend/src/controllers/authController.js:13:18)","timestamp":"2026-05-04 18:38:05"}
{"level":"info","message":"🚀 Secure TechPulse Orchestrator running on http://localhost:5000","service":"techpulse-backend","timestamp":"2026-05-04 18:40:15"}
{"code":"ECONNREFUSED","level":"warn","message":"⚠️ Redis not available. Running without cache:","service":"techpulse-backend","stack":"AggregateError [ECONNREFUSED]: \n    at internalConnectMultiple (node:net:1134:18)\n    at afterConnectMultiple (node:net:1715:7)","timestamp":"2026-05-04 18:40:15"}
{"level":"warn","message":"Redis connection failed. Caching disabled.","service":"techpulse-backend","timestamp":"2026-05-04 18:40:15"}
{"level":"error","message":"Error Caught in Global Handler: \nInvalid `prisma.user.create()` invocation:\n\n\nThe column `interests` does not exist in the current database.","name":"PrismaClientKnownRequestError","service":"techpulse-backend","stack":"PrismaClientKnownRequestError: \nInvalid `prisma.user.create()` invocation:\n\n\nThe column `interests` does not exist in the current database.\n    at ei.handleRequestError (D:\\AI-Projects\\TechPulse\\techpulse-backend\\node_modules\\@prisma\\client\\runtime\\library.js:121:7268)\n    at ei.handleAndLogRequestError (D:\\AI-Projects\\TechPulse\\techpulse-backend\\node_modules\\@prisma\\client\\runtime\\library.js:121:6593)\n    at ei.request (D:\\AI-Projects\\TechPulse\\techpulse-backend\\node_modules\\@prisma\\client\\runtime\\library.js:121:6300)\n    at async a (D:\\AI-Projects\\TechPulse\\techpulse-backend\\node_modules\\@prisma\\client\\runtime\\library.js:130:9551)\n    at async signup (file:///D:/AI-Projects/TechPulse/techpulse-backend/src/controllers/authController.js:13:18)","timestamp":"2026-05-04 18:40:36"}
{"level":"info","message":"🚀 Secure TechPulse Orchestrator running on http://localhost:5000","service":"techpulse-backend","timestamp":"2026-05-04 18:41:46"}
{"code":"ECONNREFUSED","level":"warn","message":"⚠️ Redis not available. Running without cache:","service":"techpulse-backend","stack":"AggregateError [ECONNREFUSED]: \n    at internalConnectMultiple (node:net:1134:18)\n    at afterConnectMultiple (node:net:1715:7)","timestamp":"2026-05-04 18:41:46"}
{"level":"warn","message":"Redis connection failed. Caching disabled.","service":"techpulse-backend","timestamp":"2026-05-04 18:41:46"}
{"level":"info","message":"🚀 Secure TechPulse Orchestrator running on http://localhost:5000","service":"techpulse-backend","timestamp":"2026-05-04 18:47:48"}
{"code":"ECONNREFUSED","level":"warn","message":"⚠️ Redis not available. Running without cache:","service":"techpulse-backend","stack":"AggregateError [ECONNREFUSED]: \n    at internalConnectMultiple (node:net:1134:18)\n    at afterConnectMultiple (node:net:1715:7)","timestamp":"2026-05-04 18:47:48"}
{"level":"warn","message":"Redis connection failed. Caching disabled.","service":"techpulse-backend","timestamp":"2026-05-04 18:47:48"}
{"level":"info","message":"🚀 Secure TechPulse Orchestrator running on http://localhost:5000","service":"techpulse-backend","timestamp":"2026-05-04 18:49:15"}
{"code":"ECONNREFUSED","level":"warn","message":"⚠️ Redis not available. Running without cache:","service":"techpulse-backend","stack":"AggregateError [ECONNREFUSED]: \n    at internalConnectMultiple (node:net:1134:18)\n    at afterConnectMultiple (node:net:1715:7)","timestamp":"2026-05-04 18:49:15"}
{"level":"warn","message":"Redis connection failed. Caching disabled.","service":"techpulse-backend","timestamp":"2026-05-04 18:49:15"}
{"level":"info","message":"🚀 Secure TechPulse Orchestrator running on http://localhost:5000","service":"techpulse-backend","timestamp":"2026-05-04 18:50:11"}
{"code":"ECONNREFUSED","level":"warn","message":"⚠️ Redis not available. Running without cache:","service":"techpulse-backend","stack":"AggregateError [ECONNREFUSED]: \n    at internalConnectMultiple (node:net:1134:18)\n    at afterConnectMultiple (node:net:1715:7)","timestamp":"2026-05-04 18:50:11"}
{"level":"warn","message":"Redis connection failed. Caching disabled.","service":"techpulse-backend","timestamp":"2026-05-04 18:50:11"}
{"level":"info","message":"🚀 Secure TechPulse Orchestrator running on http://localhost:5000","service":"techpulse-backend","timestamp":"2026-05-04 19:07:48"}
{"code":"ECONNREFUSED","level":"warn","message":"⚠️ Redis not available. Running without cache:","service":"techpulse-backend","stack":"AggregateError [ECONNREFUSED]: \n    at internalConnectMultiple (node:net:1134:18)\n    at afterConnectMultiple (node:net:1715:7)","timestamp":"2026-05-04 19:07:48"}
{"level":"warn","message":"Redis connection failed. Caching disabled.","service":"techpulse-backend","timestamp":"2026-05-04 19:07:48"}
{"level":"info","message":"🚀 Secure TechPulse Orchestrator running on http://localhost:5000","service":"techpulse-backend","timestamp":"2026-05-04 19:23:49"}
{"code":"ECONNREFUSED","level":"warn","message":"⚠️ Redis not available. Running without cache:","service":"techpulse-backend","stack":"AggregateError [ECONNREFUSED]: \n    at internalConnectMultiple (node:net:1134:18)\n    at afterConnectMultiple (node:net:1715:7)","timestamp":"2026-05-04 19:23:49"}
{"level":"warn","message":"Redis connection failed. Caching disabled.","service":"techpulse-backend","timestamp":"2026-05-04 19:23:49"}
{"level":"info","message":"🚀 Secure TechPulse Orchestrator running on http://localhost:5000","service":"techpulse-backend","timestamp":"2026-05-04 19:47:58"}
{"code":"ECONNREFUSED","level":"warn","message":"⚠️ Redis not available. Running without cache:","service":"techpulse-backend","stack":"AggregateError [ECONNREFUSED]: \n    at internalConnectMultiple (node:net:1134:18)\n    at afterConnectMultiple (node:net:1715:7)","timestamp":"2026-05-04 19:47:58"}
{"level":"warn","message":"Redis connection failed. Caching disabled.","service":"techpulse-backend","timestamp":"2026-05-04 19:47:58"}
{"level":"info","message":"🚀 Secure TechPulse Orchestrator running on http://localhost:5000","service":"techpulse-backend","timestamp":"2026-05-04 19:55:23"}
{"code":"ECONNREFUSED","level":"warn","message":"⚠️ Redis not available. Running without cache:","service":"techpulse-backend","stack":"AggregateError [ECONNREFUSED]: \n    at internalConnectMultiple (node:net:1134:18)\n    at afterConnectMultiple (node:net:1715:7)","timestamp":"2026-05-04 19:55:23"}
{"level":"warn","message":"Redis connection failed. Caching disabled.","service":"techpulse-backend","timestamp":"2026-05-04 19:55:23"}
{"level":"info","message":"🚀 Secure TechPulse Orchestrator running on http://localhost:5000","service":"techpulse-backend","timestamp":"2026-05-04 19:55:33"}
{"code":"ECONNREFUSED","level":"warn","message":"⚠️ Redis not available. Running without cache:","service":"techpulse-backend","stack":"AggregateError [ECONNREFUSED]: \n    at internalConnectMultiple (node:net:1134:18)\n    at afterConnectMultiple (node:net:1715:7)","timestamp":"2026-05-04 19:55:33"}
{"level":"warn","message":"Redis connection failed. Caching disabled.","service":"techpulse-backend","timestamp":"2026-05-04 19:55:33"}
{"level":"warn","message":"⚠️ External API Error [404] for https://github-rss.vercel.app/repositories/daily","service":"techpulse-backend","timestamp":"2026-05-04 19:56:25"}
{"level":"info","message":"📡 Starting AI-Driven RSS Ingestion Pipeline...","service":"techpulse-backend","timestamp":"2026-05-04 20:00:00"}
{"level":"info","message":"📻 Ingesting RSS from InfoQ...","service":"techpulse-backend","timestamp":"2026-05-04 20:00:00"}
{"level":"error","message":"❌ RSS Fetch Error [InfoQ]: Status code 406","service":"techpulse-backend","timestamp":"2026-05-04 20:00:03"}
{"level":"info","message":"📻 Ingesting RSS from HackerNews...","service":"techpulse-backend","timestamp":"2026-05-04 20:00:03"}
{"level":"info","message":"📻 Ingesting RSS from GitHub Trending...","service":"techpulse-backend","timestamp":"2026-05-04 20:00:05"}
{"level":"error","message":"❌ RSS Fetch Error [GitHub Trending]: Status code 404","service":"techpulse-backend","timestamp":"2026-05-04 20:00:05"}
{"level":"info","message":"📻 Ingesting RSS from Daily.dev...","service":"techpulse-backend","timestamp":"2026-05-04 20:00:05"}
{"level":"error","message":"❌ RSS Fetch Error [Daily.dev]: getaddrinfo ENOTFOUND rss.daily.dev","service":"techpulse-backend","timestamp":"2026-05-04 20:00:06"}
{"level":"info","message":"📻 Ingested 30 raw articles. Starting AI evaluation...","service":"techpulse-backend","timestamp":"2026-05-04 20:00:06"}
{"level":"info","message":"📡 Emitted new article via socket: GameStop Submits $55.5 Billion Bid to Acquire eBay","service":"techpulse-backend","timestamp":"2026-05-04 20:00:07"}
{"level":"info","message":"📡 Emitted new article via socket: Neural Networks and Cryptographic Ciphers: Exploring Similarities","service":"techpulse-backend","timestamp":"2026-05-04 20:00:10"}
{"level":"info","message":"📡 Emitted new article via socket: BYOMesh Introduces High-Bandwidth LoRa Mesh Radio Technology","service":"techpulse-backend","timestamp":"2026-05-04 20:00:11"}
{"level":"info","message":"📡 Emitted new article via socket: DeepClaude Integration with DeepSeek V4 Pro","service":"techpulse-backend","timestamp":"2026-05-04 20:00:12"}
{"level":"info","message":"📡 Emitted new article via socket: Microbenchmarking for Hard Disk Physical Geometry Discovery","service":"techpulse-backend","timestamp":"2026-05-04 20:00:12"}
{"level":"info","message":"📡 Emitted new article via socket: OpenAI Model Demonstrates High Accuracy in ER Patient Diagnosis","service":"techpulse-backend","timestamp":"2026-05-04 20:00:15"}
{"level":"info","message":"📡 Emitted new article via socket: K3sup: Bootstrapping K3s over SSH","service":"techpulse-backend","timestamp":"2026-05-04 20:00:16"}
{"level":"info","message":"📡 Emitted new article via socket: Global Telecom Networks Vulnerable to Covert Surveillance","service":"techpulse-backend","timestamp":"2026-05-04 20:00:17"}
{"level":"info","message":"📡 Emitted new article via socket: Text-to-CAD Technology Advances","service":"techpulse-backend","timestamp":"2026-05-04 20:00:19"}
{"level":"info","message":"📡 Emitted new article via socket: Advancements in Humanoid Robot Actuators","service":"techpulse-backend","timestamp":"2026-05-04 20:00:20"}
{"level":"info","message":"🏁 Ingestion Complete. Saved: 10, Filtered (Noise): 20","service":"techpulse-backend","timestamp":"2026-05-04 20:00:20"}
{"level":"warn","message":"⚠️ External API Error [404] for https://github-rss.vercel.app/repositories/daily","service":"techpulse-backend","timestamp":"2026-05-04 20:04:29"}
{"level":"warn","message":"⚠️ External API Error [404] for https://github-rss.vercel.app/repositories/daily","service":"techpulse-backend","timestamp":"2026-05-04 20:04:37"}
{"level":"warn","message":"⚠️ External API Error [404] for https://github-rss.vercel.app/repositories/daily","service":"techpulse-backend","timestamp":"2026-05-04 20:05:26"}
{"level":"warn","message":"⚠️ External API Error [404] for https://github-rss.vercel.app/repositories/daily","service":"techpulse-backend","timestamp":"2026-05-04 20:08:20"}
{"level":"warn","message":"⚠️ External API Error [404] for https://github-rss.vercel.app/repositories/daily","service":"techpulse-backend","timestamp":"2026-05-04 20:08:32"}
{"level":"warn","message":"⚠️ External API Error [404] for https://github-rss.vercel.app/repositories/daily","service":"techpulse-backend","timestamp":"2026-05-04 20:12:02"}
{"level":"warn","message":"⚠️ External API Error [404] for https://github-rss.vercel.app/repositories/daily","service":"techpulse-backend","timestamp":"2026-05-04 20:17:26"}
{"level":"warn","message":"⚠️ External API Error [404] for https://github-rss.vercel.app/repositories/daily","service":"techpulse-backend","timestamp":"2026-05-04 20:17:32"}
{"level":"warn","message":"⚠️ External API Error [404] for https://github-rss.vercel.app/repositories/daily","service":"techpulse-backend","timestamp":"2026-05-04 20:18:38"}
{"level":"warn","message":"⚠️ External API Error [404] for https://github-rss.vercel.app/repositories/daily","service":"techpulse-backend","timestamp":"2026-05-04 20:18:45"}
{"level":"warn","message":"⚠️ External API Error [404] for https://github-rss.vercel.app/repositories/daily","service":"techpulse-backend","timestamp":"2026-05-04 20:20:48"}
{"level":"warn","message":"⚠️ External API Error [404] for https://github-rss.vercel.app/repositories/daily","service":"techpulse-backend","timestamp":"2026-05-04 20:21:28"}
{"level":"warn","message":"⚠️ External API Error [404] for https://github-rss.vercel.app/repositories/daily","service":"techpulse-backend","timestamp":"2026-05-04 20:23:49"}
{"level":"info","message":"🚀 Secure TechPulse Orchestrator running on http://localhost:5000","service":"techpulse-backend","timestamp":"2026-05-04 20:27:24"}
{"code":"ECONNREFUSED","level":"warn","message":"⚠️ Redis not available. Running without cache:","service":"techpulse-backend","stack":"AggregateError [ECONNREFUSED]: \n    at internalConnectMultiple (node:net:1134:18)\n    at afterConnectMultiple (node:net:1715:7)","timestamp":"2026-05-04 20:27:25"}
{"level":"warn","message":"Redis connection failed. Caching disabled.","service":"techpulse-backend","timestamp":"2026-05-04 20:27:25"}
{"level":"info","message":"🚀 Secure TechPulse Orchestrator running on http://localhost:5000","service":"techpulse-backend","timestamp":"2026-05-04 20:27:34"}
{"code":"ECONNREFUSED","level":"warn","message":"⚠️ Redis not available. Running without cache:","service":"techpulse-backend","stack":"AggregateError [ECONNREFUSED]: \n    at internalConnectMultiple (node:net:1134:18)\n    at afterConnectMultiple (node:net:1715:7)","timestamp":"2026-05-04 20:27:34"}
{"level":"warn","message":"Redis connection failed. Caching disabled.","service":"techpulse-backend","timestamp":"2026-05-04 20:27:34"}
{"level":"warn","message":"⚠️ External API Error [404] for https://github-rss.vercel.app/repositories/daily","service":"techpulse-backend","timestamp":"2026-05-04 20:28:15"}
{"level":"info","message":"🚀 Secure TechPulse Orchestrator running on http://localhost:5000","service":"techpulse-backend","timestamp":"2026-05-04 20:31:27"}
{"code":"ECONNREFUSED","level":"warn","message":"⚠️ Redis not available. Running without cache:","service":"techpulse-backend","stack":"AggregateError [ECONNREFUSED]: \n    at internalConnectMultiple (node:net:1134:18)\n    at afterConnectMultiple (node:net:1715:7)","timestamp":"2026-05-04 20:31:27"}
{"level":"warn","message":"Redis connection failed. Caching disabled.","service":"techpulse-backend","timestamp":"2026-05-04 20:31:27"}
{"level":"info","message":"🚀 Secure TechPulse Orchestrator running on http://localhost:5000","service":"techpulse-backend","timestamp":"2026-05-04 20:32:30"}
{"code":"ECONNREFUSED","level":"warn","message":"⚠️ Redis not available. Running without cache:","service":"techpulse-backend","stack":"AggregateError [ECONNREFUSED]: \n    at internalConnectMultiple (node:net:1134:18)\n    at afterConnectMultiple (node:net:1715:7)","timestamp":"2026-05-04 20:32:30"}
{"level":"warn","message":"Redis connection failed. Caching disabled.","service":"techpulse-backend","timestamp":"2026-05-04 20:32:30"}
{"level":"warn","message":"⚠️ External API Error [404] for https://github-rss.vercel.app/repositories/daily","service":"techpulse-backend","timestamp":"2026-05-04 20:35:32"}
{"level":"info","message":"🚀 Secure TechPulse Orchestrator running on http://localhost:5000","service":"techpulse-backend","timestamp":"2026-05-04 20:37:15"}
{"code":"ECONNREFUSED","level":"warn","message":"⚠️ Redis not available. Running without cache:","service":"techpulse-backend","stack":"AggregateError [ECONNREFUSED]: \n    at internalConnectMultiple (node:net:1134:18)\n    at afterConnectMultiple (node:net:1715:7)","timestamp":"2026-05-04 20:37:15"}
{"level":"warn","message":"Redis connection failed. Caching disabled.","service":"techpulse-backend","timestamp":"2026-05-04 20:37:15"}
{"level":"info","message":"🚀 Secure TechPulse Orchestrator running on http://localhost:5000","service":"techpulse-backend","timestamp":"2026-05-04 20:43:39"}
{"code":"ECONNREFUSED","level":"warn","message":"⚠️ Redis not available. Running without cache:","service":"techpulse-backend","stack":"AggregateError [ECONNREFUSED]: \n    at internalConnectMultiple (node:net:1134:18)\n    at afterConnectMultiple (node:net:1715:7)","timestamp":"2026-05-04 20:43:39"}
{"level":"warn","message":"Redis connection failed. Caching disabled.","service":"techpulse-backend","timestamp":"2026-05-04 20:43:39"}
{"level":"info","message":"🧠 Starting News Intelligence Worker...","service":"techpulse-backend","timestamp":"2026-05-04 20:45:00"}
{"level":"info","message":"🤖 Summarizing: DeepClaude – Claude Code agent loop with DeepSeek V4 Pro","service":"techpulse-backend","timestamp":"2026-05-04 20:45:00"}
{"level":"error","message":"❌ Intelligence Worker Error for [DeepClaude – Claude Code agent loop with DeepSeek V4 Pro]: \nInvalid `prisma.newsCache.update()` invocation:\n\n{\n  where: {\n    id: \"0323b3fd-cfbd-45bc-ac45-63e075811e1f\"\n  },\n  data: {\n    aiSummary: \"DeepClaude integrates Claude Code with DeepSeek V4 Pro for cheaper autonomous coding 17x cost reduction achieved with same UX and functionality Supports multiple backends including OpenRouter and Fireworks AI Automatic context caching reduces costs for agent loops DeepSeek V4 Pro scores 96.4% on LiveCodeBench Claude Code's autonomous agent loop works with various backends DeepClaude enables live switching between backends without restart Cost comparison shows significant savings with DeepSeek V4 Pro DeepClaude supports file reading, writing, editing, and bash execution Subagent spawning and git operations are also supported\",\n    impactCategory: \"AI BREAKTHROUGH\",\n    sentiment_score: 90,\n    ~~~~~~~~~~~~~~~\n    impactHorizon: \"Short-term\",\n    tags: {\n      push: [\n        \"Autonomous Coding\",\n        \"DeepSeek V4 Pro\",\n        \"Claude Code\",\n        \"Artificial Intelligence\",\n        \"Coding Agents\",\n        \"Context Caching\"\n      ]\n    },\n?   id?: String | StringFieldUpdateOperationsInput,\n?   title?: String | StringFieldUpdateOperationsInput,\n?   cleanTitle?: String | NullableStringFieldUpdateOperationsInput | Null,\n?   description?: String | NullableStringFieldUpdateOperationsInput | Null,\n?   url?: String | StringFieldUpdateOperationsInput,\n?   source?: String | StringFieldUpdateOperationsInput,\n?   image?: String | NullableStringFieldUpdateOperationsInput | Null,\n?   author?: String | NullableStringFieldUpdateOperationsInput | Null,\n?   points?: Int | IntFieldUpdateOperationsInput,\n?   relevanceScore?: Int | IntFieldUpdateOperationsInput,\n?   credibilityScore?: Int | IntFieldUpdateOperationsInput,\n?   createdAt?: DateTime | DateTimeFieldUpdateOperationsInput\n  }\n}\n\nUnknown argument `sentiment_score`. Available options are marked with ?.","service":"techpulse-backend","timestamp":"2026-05-04 20:45:03"}
{"level":"info","message":"🤖 Summarizing: Bad Connection: Global telecom exploitation by covert surveillance actors","service":"techpulse-backend","timestamp":"2026-05-04 20:45:03"}
{"level":"warn","message":"⚠️ External API Error [404] for https://github-rss.vercel.app/repositories/daily","service":"techpulse-backend","timestamp":"2026-05-04 20:45:05"}
{"level":"error","message":"❌ Intelligence Worker Error for [Bad Connection: Global telecom exploitation by covert surveillance actors]: \nInvalid `prisma.newsCache.update()` invocation:\n\n{\n  where: {\n    id: \"14334913-12cc-4348-994c-70b6199ecfc7\"\n  },\n  data: {\n    aiSummary: \"Global telecom networks exploited by covert surveillance actors Sophisticated surveillance campaigns uncovered by Citizen Lab Telecom surveillance actors leverage private operator networks Covert location tracking operations persist undetected for years Malicious SMS used to extract location information from devices Surveillance tooling customized to spoof operator identities Global network infrastructure used to enable surveillance operations Weak intercarrier provider OPSEC allows attackers to route surveillance messages Persistent campaign activity observed over multiple years Telecom industry faces accountability and oversight challenges\",\n    impactCategory: \"SECURITY VULNERABILITY\",\n    sentiment_score: 20,\n    ~~~~~~~~~~~~~~~\n    impactHorizon: \"Short-term\",\n    tags: {\n      push: [\n        \"Telecom Surveillance\",\n        \"Covert Location Tracking\",\n        \"Mobile Operator Signalling\",\n        \"SS7 and Diameter Signalling Protocols\",\n        \"Surveillance Tooling\",\n        \"Intercarrier Provider OPSEC\"\n      ]\n    },\n?   id?: String | StringFieldUpdateOperationsInput,\n?   title?: String | StringFieldUpdateOperationsInput,\n?   cleanTitle?: String | NullableStringFieldUpdateOperationsInput | Null,\n?   description?: String | NullableStringFieldUpdateOperationsInput | Null,\n?   url?: String | StringFieldUpdateOperationsInput,\n?   source?: String | StringFieldUpdateOperationsInput,\n?   image?: String | NullableStringFieldUpdateOperationsInput | Null,\n?   author?: String | NullableStringFieldUpdateOperationsInput | Null,\n?   points?: Int | IntFieldUpdateOperationsInput,\n?   relevanceScore?: Int | IntFieldUpdateOperationsInput,\n?   credibilityScore?: Int | IntFieldUpdateOperationsInput,\n?   createdAt?: DateTime | DateTimeFieldUpdateOperationsInput\n  }\n}\n\nUnknown argument `sentiment_score`. Available options are marked with ?.","service":"techpulse-backend","timestamp":"2026-05-04 20:45:06"}
{"level":"info","message":"🤖 Summarizing: K3sup – bootstrap K3s over SSH in < 60s","service":"techpulse-backend","timestamp":"2026-05-04 20:45:06"}
{"level":"error","message":"❌ Intelligence Worker Error for [K3sup – bootstrap K3s over SSH in < 60s]: \nInvalid `prisma.newsCache.update()` invocation:\n\n{\n  where: {\n    id: \"62843604-dc57-4832-8810-17b6dced3848\"\n  },\n  data: {\n    aiSummary: \"K3sup bootstraps K3s over SSH in under 60 seconds Automates Kubernetes installation on remote Linux hosts Supports multi-master and Highly-Available clusters Works with various cloud providers and bare-metal servers Provides a simple way to join existing hosts into a cluster Offers a Pro version with additional features for automation Supports Raspberry Pi and other single-board computers Enables rapid uninstallation and reset of clusters Includes a plan and apply command for custom installations\",\n    impactCategory: \"OPEN SOURCE\",\n    sentiment_score: 90,\n    ~~~~~~~~~~~~~~~\n    impactHorizon: \"Short-term\",\n    tags: {\n      push: [\n        \"Kubernetes\",\n        \"K3s\",\n        \"SSH\",\n        \"Cluster management\",\n        \"Automation\",\n        \"DevOps\"\n      ]\n    },\n?   id?: String | StringFieldUpdateOperationsInput,\n?   title?: String | StringFieldUpdateOperationsInput,\n?   cleanTitle?: String | NullableStringFieldUpdateOperationsInput | Null,\n?   description?: String | NullableStringFieldUpdateOperationsInput | Null,\n?   url?: String | StringFieldUpdateOperationsInput,\n?   source?: String | StringFieldUpdateOperationsInput,\n?   image?: String | NullableStringFieldUpdateOperationsInput | Null,\n?   author?: String | NullableStringFieldUpdateOperationsInput | Null,\n?   points?: Int | IntFieldUpdateOperationsInput,\n?   relevanceScore?: Int | IntFieldUpdateOperationsInput,\n?   credibilityScore?: Int | IntFieldUpdateOperationsInput,\n?   createdAt?: DateTime | DateTimeFieldUpdateOperationsInput\n  }\n}\n\nUnknown argument `sentiment_score`. Available options are marked with ?.","service":"techpulse-backend","timestamp":"2026-05-04 20:45:10"}
{"level":"info","message":"🤖 Summarizing: BYOMesh – New LoRa mesh radio offers 100x the bandwidth","service":"techpulse-backend","timestamp":"2026-05-04 20:45:10"}
{"level":"error","message":"❌ Intelligence Worker Error for [BYOMesh – New LoRa mesh radio offers 100x the bandwidth]: \nInvalid `prisma.newsCache.update()` invocation:\n\n{\n  where: {\n    id: \"78bfd0a0-5fc6-49a4-8c64-549c2ea1f3df\"\n  },\n  data: {\n    aiSummary: \"BYOMesh introduces a new LoRa mesh radio technology Offers 100x the bandwidth of existing solutions Enhances connectivity and communication capabilities Supports various applications and use cases Improves overall network performance and efficiency Enables new possibilities for IoT and wireless systems Increases data transfer rates and reduces latency Provides a reliable and scalable mesh network Expands the potential of LoRa technology Enhances the overall user experience\",\n    impactCategory: \"PRODUCT LAUNCH\",\n    sentiment_score: 90,\n    ~~~~~~~~~~~~~~~\n    impactHorizon: \"Short-term\",\n    tags: {\n      push: [\n        \"LoRa\",\n        \"Mesh Network\",\n        \"IoT\",\n        \"Wireless Communication\",\n        \"Network Infrastructure\",\n        \"Radio Technology\"\n      ]\n    },\n?   id?: String | StringFieldUpdateOperationsInput,\n?   title?: String | StringFieldUpdateOperationsInput,\n?   cleanTitle?: String | NullableStringFieldUpdateOperationsInput | Null,\n?   description?: String | NullableStringFieldUpdateOperationsInput | Null,\n?   url?: String | StringFieldUpdateOperationsInput,\n?   source?: String | StringFieldUpdateOperationsInput,\n?   image?: String | NullableStringFieldUpdateOperationsInput | Null,\n?   author?: String | NullableStringFieldUpdateOperationsInput | Null,\n?   points?: Int | IntFieldUpdateOperationsInput,\n?   relevanceScore?: Int | IntFieldUpdateOperationsInput,\n?   credibilityScore?: Int | IntFieldUpdateOperationsInput,\n?   createdAt?: DateTime | DateTimeFieldUpdateOperationsInput\n  }\n}\n\nUnknown argument `sentiment_score`. Available options are marked with ?.","service":"techpulse-backend","timestamp":"2026-05-04 20:45:12"}
{"level":"info","message":"🤖 Summarizing: Discovering hard disk physical geometry through microbenchmarking (2019)","service":"techpulse-backend","timestamp":"2026-05-04 20:45:12"}
{"level":"error","message":"❌ Intelligence Worker Error for [Discovering hard disk physical geometry through microbenchmarking (2019)]: \nInvalid `prisma.newsCache.update()` invocation:\n\n{\n  where: {\n    id: \"829b1ea1-da85-418b-a4d2-5d2b3fc1452f\"\n  },\n  data: {\n    aiSummary: \"Hard drives store data on spinning magnetic disks with read/write heads Microbenchmarking measures disk geometry, rotation period, and sector location Modern drives have complex layouts with variable track and sector counts Seek time and access time are non-trivial to measure due to acoustic management Track boundaries and skew can be found using microbenchmarking techniques Defective sectors can be identified and visualized using combined tools Microbenchmarking algorithms are challenging to develop and refine Hard drive geometry is characterized by platters, tracks, and sectors Cylinders are no longer a fixed concept in modern hard drives Track density and bit density can be estimated using microbenchmarking\",\n    impactCategory: \"INFRASTRUCTURE\",\n    sentiment_score: 80,\n    ~~~~~~~~~~~~~~~\n    impactHorizon: \"Short-term\",\n    tags: {\n      push: [\n        \"Hard Disk Drives\",\n        \"Microbenchmarking\",\n        \"Disk Geometry\",\n        \"Seek Time\",\n        \"Track Density\",\n        \"Defective Sectors\"\n      ]\n    },\n?   id?: String | StringFieldUpdateOperationsInput,\n?   title?: String | StringFieldUpdateOperationsInput,\n?   cleanTitle?: String | NullableStringFieldUpdateOperationsInput | Null,\n?   description?: String | NullableStringFieldUpdateOperationsInput | Null,\n?   url?: String | StringFieldUpdateOperationsInput,\n?   source?: String | StringFieldUpdateOperationsInput,\n?   image?: String | NullableStringFieldUpdateOperationsInput | Null,\n?   author?: String | NullableStringFieldUpdateOperationsInput | Null,\n?   points?: Int | IntFieldUpdateOperationsInput,\n?   relevanceScore?: Int | IntFieldUpdateOperationsInput,\n?   credibilityScore?: Int | IntFieldUpdateOperationsInput,\n?   createdAt?: DateTime | DateTimeFieldUpdateOperationsInput\n  }\n}\n\nUnknown argument `sentiment_score`. Available options are marked with ?.","service":"techpulse-backend","timestamp":"2026-05-04 20:45:19"}
{"level":"warn","message":"⚠️ External API Error [404] for https://github-rss.vercel.app/repositories/daily","service":"techpulse-backend","timestamp":"2026-05-04 20:45:29"}
{"level":"info","message":"🚀 Secure TechPulse Orchestrator running on http://localhost:5000","service":"techpulse-backend","timestamp":"2026-05-04 20:49:18"}
{"code":"ECONNREFUSED","level":"warn","message":"⚠️ Redis not available. Running without cache:","service":"techpulse-backend","stack":"AggregateError [ECONNREFUSED]: \n    at internalConnectMultiple (node:net:1134:18)\n    at afterConnectMultiple (node:net:1715:7)","timestamp":"2026-05-04 20:49:18"}
{"level":"warn","message":"Redis connection failed. Caching disabled.","service":"techpulse-backend","timestamp":"2026-05-04 20:49:18"}
{"level":"info","message":"🚀 Secure TechPulse Orchestrator running on http://localhost:5000","service":"techpulse-backend","timestamp":"2026-05-04 20:49:29"}
{"code":"ECONNREFUSED","level":"warn","message":"⚠️ Redis not available. Running without cache:","service":"techpulse-backend","stack":"AggregateError [ECONNREFUSED]: \n    at internalConnectMultiple (node:net:1134:18)\n    at afterConnectMultiple (node:net:1715:7)","timestamp":"2026-05-04 20:49:29"}
{"level":"warn","message":"Redis connection failed. Caching disabled.","service":"techpulse-backend","timestamp":"2026-05-04 20:49:29"}
{"level":"info","message":"🚀 Secure TechPulse Orchestrator running on http://localhost:5000","service":"techpulse-backend","timestamp":"2026-05-04 20:49:36"}
{"code":"ECONNREFUSED","level":"warn","message":"⚠️ Redis not available. Running without cache:","service":"techpulse-backend","stack":"AggregateError [ECONNREFUSED]: \n    at internalConnectMultiple (node:net:1134:18)\n    at afterConnectMultiple (node:net:1715:7)","timestamp":"2026-05-04 20:49:36"}
{"level":"warn","message":"Redis connection failed. Caching disabled.","service":"techpulse-backend","timestamp":"2026-05-04 20:49:36"}
{"level":"info","message":"🧠 Starting News Intelligence Worker...","service":"techpulse-backend","timestamp":"2026-05-04 20:50:00"}
{"level":"info","message":"🤖 Summarizing: DeepClaude – Claude Code agent loop with DeepSeek V4 Pro","service":"techpulse-backend","timestamp":"2026-05-04 20:50:00"}
{"level":"error","message":"❌ Intelligence Worker Error for [DeepClaude – Claude Code agent loop with DeepSeek V4 Pro]: \nInvalid `prisma.newsCache.update()` invocation:\n\n{\n  where: {\n    id: \"0323b3fd-cfbd-45bc-ac45-63e075811e1f\"\n  },\n  data: {\n    aiSummary: \"DeepClaude integrates Claude Code with DeepSeek V4 Pro for cheaper coding solutions Offers same UX as Claude Code but at 17x lower cost with DeepSeek V4 Pro Supports multiple backends including OpenRouter and Fireworks AI Enables autonomous agent loops with file reading, editing, and bash execution Provides cost comparison and benchmarking tools for different backends Allows live switching between backends without restarting the session Includes automatic context caching for cheaper agent loops Compatible with GitHub and supports various development workflows\",\n    impactCategory: \"AI BREAKTHROUGH\",\n    sentiment_score: 85,\n    ~~~~~~~~~~~~~~~\n    impactHorizon: \"Short-term\",\n    tags: {\n      push: [\n        \"DeepClaude\",\n        \"Claude Code\",\n        \"DeepSeek V4 Pro\",\n        \"Autonomous Coding\",\n        \"AI-powered Development\",\n        \"Backend Integration\"\n      ]\n    },\n?   id?: String | StringFieldUpdateOperationsInput,\n?   title?: String | StringFieldUpdateOperationsInput,\n?   cleanTitle?: String | NullableStringFieldUpdateOperationsInput | Null,\n?   description?: String | NullableStringFieldUpdateOperationsInput | Null,\n?   url?: String | StringFieldUpdateOperationsInput,\n?   source?: String | StringFieldUpdateOperationsInput,\n?   image?: String | NullableStringFieldUpdateOperationsInput | Null,\n?   author?: String | NullableStringFieldUpdateOperationsInput | Null,\n?   points?: Int | IntFieldUpdateOperationsInput,\n?   relevanceScore?: Int | IntFieldUpdateOperationsInput,\n?   credibilityScore?: Int | IntFieldUpdateOperationsInput,\n?   createdAt?: DateTime | DateTimeFieldUpdateOperationsInput\n  }\n}\n\nUnknown argument `sentiment_score`. Available options are marked with ?.","service":"techpulse-backend","timestamp":"2026-05-04 20:50:03"}
{"level":"info","message":"🤖 Summarizing: Bad Connection: Global telecom exploitation by covert surveillance actors","service":"techpulse-backend","timestamp":"2026-05-04 20:50:03"}
{"level":"error","message":"❌ Intelligence Worker Error for [Bad Connection: Global telecom exploitation by covert surveillance actors]: \nInvalid `prisma.newsCache.update()` invocation:\n\n{\n  where: {\n    id: \"14334913-12cc-4348-994c-70b6199ecfc7\"\n  },\n  data: {\n    aiSummary: \"Global telecom networks exploited by covert surveillance actors Sophisticated surveillance campaigns uncovered with customized tooling SIM card exploitation used to extract location information Multi-vector surveillance combines 3G and 4G signalling protocols Global network infrastructure leveraged for surveillance operations Weak intercarrier provider OPSEC enables surveillance message routing Persistent campaign activity detected over multiple years Telecom ecosystem vulnerabilities enable targeted surveillance Advanced surveillance techniques used to track high-profile targets Global telecommunications ecosystem lacks accountability\",\n    impactCategory: \"SECURITY VULNERABILITY\",\n    sentiment_score: 20,\n    ~~~~~~~~~~~~~~~\n    impactHorizon: \"Short-term\",\n    tags: {\n      push: [\n        \"Telecom Surveillance\",\n        \"Signalling Protocols\",\n        \"SIM Card Exploitation\",\n        \"Multi-Vector Surveillance\",\n        \"Global Network Infrastructure\",\n        \"Intercarrier Provider OPSEC\"\n      ]\n    },\n?   id?: String | StringFieldUpdateOperationsInput,\n?   title?: String | StringFieldUpdateOperationsInput,\n?   cleanTitle?: String | NullableStringFieldUpdateOperationsInput | Null,\n?   description?: String | NullableStringFieldUpdateOperationsInput | Null,\n?   url?: String | StringFieldUpdateOperationsInput,\n?   source?: String | StringFieldUpdateOperationsInput,\n?   image?: String | NullableStringFieldUpdateOperationsInput | Null,\n?   author?: String | NullableStringFieldUpdateOperationsInput | Null,\n?   points?: Int | IntFieldUpdateOperationsInput,\n?   relevanceScore?: Int | IntFieldUpdateOperationsInput,\n?   credibilityScore?: Int | IntFieldUpdateOperationsInput,\n?   createdAt?: DateTime | DateTimeFieldUpdateOperationsInput\n  }\n}\n\nUnknown argument `sentiment_score`. Available options are marked with ?.","service":"techpulse-backend","timestamp":"2026-05-04 20:50:06"}
{"level":"info","message":"🤖 Summarizing: K3sup – bootstrap K3s over SSH in < 60s","service":"techpulse-backend","timestamp":"2026-05-04 20:50:06"}
{"level":"error","message":"❌ Intelligence Worker Error for [K3sup – bootstrap K3s over SSH in < 60s]: \nInvalid `prisma.newsCache.update()` invocation:\n\n{\n  where: {\n    id: \"62843604-dc57-4832-8810-17b6dced3848\"\n  },\n  data: {\n    aiSummary: \"K3sup bootstraps K3s over SSH in under 60 seconds Automates Kubernetes installation on remote Linux hosts Supports multi-master and Highly-Available clusters Works with various cloud providers and bare-metal servers Provides a simple way to join existing nodes to a cluster Offers a Pro version with additional features for automation Supports Raspberry Pi and other single-board computers Enables rapid uninstallation and reset of clusters Includes a plan and apply command for custom installations\",\n    impactCategory: \"OPEN SOURCE\",\n    sentiment_score: 90,\n    ~~~~~~~~~~~~~~~\n    impactHorizon: \"Short-term\",\n    tags: {\n      push: [\n        \"Kubernetes\",\n        \"K3s\",\n        \"SSH\",\n        \"Cluster Management\",\n        \"Automation\",\n        \"DevOps\"\n      ]\n    },\n?   id?: String | StringFieldUpdateOperationsInput,\n?   title?: String | StringFieldUpdateOperationsInput,\n?   cleanTitle?: String | NullableStringFieldUpdateOperationsInput | Null,\n?   description?: String | NullableStringFieldUpdateOperationsInput | Null,\n?   url?: String | StringFieldUpdateOperationsInput,\n?   source?: String | StringFieldUpdateOperationsInput,\n?   image?: String | NullableStringFieldUpdateOperationsInput | Null,\n?   author?: String | NullableStringFieldUpdateOperationsInput | Null,\n?   points?: Int | IntFieldUpdateOperationsInput,\n?   relevanceScore?: Int | IntFieldUpdateOperationsInput,\n?   credibilityScore?: Int | IntFieldUpdateOperationsInput,\n?   createdAt?: DateTime | DateTimeFieldUpdateOperationsInput\n  }\n}\n\nUnknown argument `sentiment_score`. Available options are marked with ?.","service":"techpulse-backend","timestamp":"2026-05-04 20:50:08"}
{"level":"info","message":"🤖 Summarizing: BYOMesh – New LoRa mesh radio offers 100x the bandwidth","service":"techpulse-backend","timestamp":"2026-05-04 20:50:08"}
{"level":"error","message":"❌ Intelligence Worker Error for [BYOMesh – New LoRa mesh radio offers 100x the bandwidth]: \nInvalid `prisma.newsCache.update()` invocation:\n\n{\n  where: {\n    id: \"78bfd0a0-5fc6-49a4-8c64-549c2ea1f3df\"\n  },\n  data: {\n    aiSummary: \"BYOMesh introduces a new LoRa mesh radio Offers 100x the bandwidth of existing solutions Enhanced connectivity for IoT devices Improved network reliability and coverage Increased data transfer rates Potential applications in industrial automation Enhanced support for low-power devices Scalable and flexible network architecture Supports a wide range of frequency bands\",\n    impactCategory: \"PRODUCT LAUNCH\",\n    sentiment_score: 80,\n    ~~~~~~~~~~~~~~~\n    impactHorizon: \"Short-term\",\n    tags: {\n      push: [\n        \"LoRa\",\n        \"Mesh Network\",\n        \"IoT\",\n        \"Industrial Automation\",\n        \"Low-Power Devices\",\n        \"Wireless Connectivity\"\n      ]\n    },\n?   id?: String | StringFieldUpdateOperationsInput,\n?   title?: String | StringFieldUpdateOperationsInput,\n?   cleanTitle?: String | NullableStringFieldUpdateOperationsInput | Null,\n?   description?: String | NullableStringFieldUpdateOperationsInput | Null,\n?   url?: String | StringFieldUpdateOperationsInput,\n?   source?: String | StringFieldUpdateOperationsInput,\n?   image?: String | NullableStringFieldUpdateOperationsInput | Null,\n?   author?: String | NullableStringFieldUpdateOperationsInput | Null,\n?   points?: Int | IntFieldUpdateOperationsInput,\n?   relevanceScore?: Int | IntFieldUpdateOperationsInput,\n?   credibilityScore?: Int | IntFieldUpdateOperationsInput,\n?   createdAt?: DateTime | DateTimeFieldUpdateOperationsInput\n  }\n}\n\nUnknown argument `sentiment_score`. Available options are marked with ?.","service":"techpulse-backend","timestamp":"2026-05-04 20:50:10"}
{"level":"info","message":"🤖 Summarizing: Discovering hard disk physical geometry through microbenchmarking (2019)","service":"techpulse-backend","timestamp":"2026-05-04 20:50:10"}
{"level":"error","message":"❌ Intelligence Worker Error for [Discovering hard disk physical geometry through microbenchmarking (2019)]: \nInvalid `prisma.newsCache.update()` invocation:\n\n{\n  where: {\n    id: \"829b1ea1-da85-418b-a4d2-5d2b3fc1452f\"\n  },\n  data: {\n    aiSummary: \"Hard drives store data on spinning magnetic disks with read/write heads Data is arranged in concentric tracks and sectors on recording surfaces Modern drives have complex geometry with variable track and sector counts Microbenchmarks can measure rotation period, sector location, and seek time Track boundaries, skew, and defective sectors can be detected and visualized Algorithms for characterizing disk drive geometry have been developed and tested Results show diversity in track layouts and skew across different drive models Seek time and access time vary significantly across different drives and models Defective sectors can be identified and mapped using microbenchmarking techniques Microbenchmarking is a challenging task due to drive complexity and variability\",\n    impactCategory: \"INFRASTRUCTURE\",\n    sentiment_score: 80,\n    ~~~~~~~~~~~~~~~\n    impactHorizon: \"Short-term\",\n    tags: {\n      push: [\n        \"Hard Disk Drives\",\n        \"Microbenchmarking\",\n        \"Disk Geometry\",\n        \"Track Layout\",\n        \"Seek Time\",\n        \"Defective Sectors\"\n      ]\n    },\n?   id?: String | StringFieldUpdateOperationsInput,\n?   title?: String | StringFieldUpdateOperationsInput,\n?   cleanTitle?: String | NullableStringFieldUpdateOperationsInput | Null,\n?   description?: String | NullableStringFieldUpdateOperationsInput | Null,\n?   url?: String | StringFieldUpdateOperationsInput,\n?   source?: String | StringFieldUpdateOperationsInput,\n?   image?: String | NullableStringFieldUpdateOperationsInput | Null,\n?   author?: String | NullableStringFieldUpdateOperationsInput | Null,\n?   points?: Int | IntFieldUpdateOperationsInput,\n?   relevanceScore?: Int | IntFieldUpdateOperationsInput,\n?   credibilityScore?: Int | IntFieldUpdateOperationsInput,\n?   createdAt?: DateTime | DateTimeFieldUpdateOperationsInput\n  }\n}\n\nUnknown argument `sentiment_score`. Available options are marked with ?.","service":"techpulse-backend","timestamp":"2026-05-04 20:50:15"}
{"level":"info","message":"🧠 Starting News Intelligence Worker...","service":"techpulse-backend","timestamp":"2026-05-04 20:55:00"}
{"level":"info","message":"🤖 Summarizing: DeepClaude – Claude Code agent loop with DeepSeek V4 Pro","service":"techpulse-backend","timestamp":"2026-05-04 20:55:00"}
{"level":"error","message":"❌ Intelligence Worker Error for [DeepClaude – Claude Code agent loop with DeepSeek V4 Pro]: \nInvalid `prisma.newsCache.update()` invocation:\n\n{\n  where: {\n    id: \"0323b3fd-cfbd-45bc-ac45-63e075811e1f\"\n  },\n  data: {\n    aiSummary: \"DeepClaude integrates Claude Code with DeepSeek V4 Pro for cheaper coding solutions 17x cost reduction achieved with same UX and functionality as Claude Code Supports multiple backends including OpenRouter and Fireworks AI Automatic context caching reduces costs for agent loops DeepSeek V4 Pro scores 96.4% on LiveCodeBench for coding tasks Compatible with various operating systems and terminals Enables live switching between backends without restart DeepClaude uses environment variables to determine API endpoints\",\n    impactCategory: \"AI BREAKTHROUGH\",\n    sentiment_score: 85,\n    ~~~~~~~~~~~~~~~\n    impactHorizon: \"Short-term\",\n    tags: {\n      push: [\n        \"DeepClaude\",\n        \"Claude Code\",\n        \"DeepSeek V4 Pro\",\n        \"Autonomous Coding\",\n        \"AI-powered Development\",\n        \"Cost Reduction\"\n      ]\n    },\n?   id?: String | StringFieldUpdateOperationsInput,\n?   title?: String | StringFieldUpdateOperationsInput,\n?   cleanTitle?: String | NullableStringFieldUpdateOperationsInput | Null,\n?   description?: String | NullableStringFieldUpdateOperationsInput | Null,\n?   url?: String | StringFieldUpdateOperationsInput,\n?   source?: String | StringFieldUpdateOperationsInput,\n?   image?: String | NullableStringFieldUpdateOperationsInput | Null,\n?   author?: String | NullableStringFieldUpdateOperationsInput | Null,\n?   points?: Int | IntFieldUpdateOperationsInput,\n?   relevanceScore?: Int | IntFieldUpdateOperationsInput,\n?   credibilityScore?: Int | IntFieldUpdateOperationsInput,\n?   createdAt?: DateTime | DateTimeFieldUpdateOperationsInput\n  }\n}\n\nUnknown argument `sentiment_score`. Available options are marked with ?.","service":"techpulse-backend","timestamp":"2026-05-04 20:55:03"}
{"level":"info","message":"🤖 Summarizing: Bad Connection: Global telecom exploitation by covert surveillance actors","service":"techpulse-backend","timestamp":"2026-05-04 20:55:03"}
{"level":"error","message":"❌ Intelligence Worker Error for [Bad Connection: Global telecom exploitation by covert surveillance actors]: \nInvalid `prisma.newsCache.update()` invocation:\n\n{\n  where: {\n    id: \"14334913-12cc-4348-994c-70b6199ecfc7\"\n  },\n  data: {\n    aiSummary: \"Global telecom networks exploited by covert surveillance actors Sophisticated surveillance campaigns uncovered with customized tooling SIM card exploitation used to extract location information Multi-vector surveillance combines 3G and 4G signalling protocols Global network infrastructure leveraged for surveillance operations Weak intercarrier provider OPSEC enables surveillance message routing Persistent campaign activity detected over multiple years Telecom ecosystem vulnerabilities enable targeted surveillance Advanced surveillance techniques used to track high-profile targets Global telecommunications ecosystem lacks accountability\",\n    impactCategory: \"SECURITY VULNERABILITY\",\n    sentiment_score: 20,\n    ~~~~~~~~~~~~~~~\n    impactHorizon: \"Short-term\",\n    tags: {\n      push: [\n        \"Telecom Surveillance\",\n        \"Signalling Protocols\",\n        \"SIM Card Exploitation\",\n        \"Multi-Vector Surveillance\",\n        \"Global Network Infrastructure\",\n        \"Intercarrier Provider OPSEC\"\n      ]\n    },\n?   id?: String | StringFieldUpdateOperationsInput,\n?   title?: String | StringFieldUpdateOperationsInput,\n?   cleanTitle?: String | NullableStringFieldUpdateOperationsInput | Null,\n?   description?: String | NullableStringFieldUpdateOperationsInput | Null,\n?   url?: String | StringFieldUpdateOperationsInput,\n?   source?: String | StringFieldUpdateOperationsInput,\n?   image?: String | NullableStringFieldUpdateOperationsInput | Null,\n?   author?: String | NullableStringFieldUpdateOperationsInput | Null,\n?   points?: Int | IntFieldUpdateOperationsInput,\n?   relevanceScore?: Int | IntFieldUpdateOperationsInput,\n?   credibilityScore?: Int | IntFieldUpdateOperationsInput,\n?   createdAt?: DateTime | DateTimeFieldUpdateOperationsInput\n  }\n}\n\nUnknown argument `sentiment_score`. Available options are marked with ?.","service":"techpulse-backend","timestamp":"2026-05-04 20:55:06"}
{"level":"info","message":"🤖 Summarizing: K3sup – bootstrap K3s over SSH in < 60s","service":"techpulse-backend","timestamp":"2026-05-04 20:55:06"}
{"level":"error","message":"❌ Intelligence Worker Error for [K3sup – bootstrap K3s over SSH in < 60s]: \nInvalid `prisma.newsCache.update()` invocation:\n\n{\n  where: {\n    id: \"62843604-dc57-4832-8810-17b6dced3848\"\n  },\n  data: {\n    aiSummary: \"K3sup bootstraps K3s over SSH in under 60 seconds Automates Kubernetes installation on remote Linux hosts Supports joining existing Linux hosts into a K3s cluster Provides a plan and apply command for automation Enables rapid uninstallation and reset of K3s clusters Supports multi-master and Highly-Available cluster setups Compatible with various cloud providers and bare-metal Offers a Community Edition and a Pro version Utilizes SSH for secure installation and management Written in Go for cross-platform compatibility\",\n    impactCategory: \"OPEN SOURCE\",\n    sentiment_score: 90,\n    ~~~~~~~~~~~~~~~\n    impactHorizon: \"Short-term\",\n    tags: {\n      push: [\n        \"Kubernetes\",\n        \"K3s\",\n        \"SSH\",\n        \"Automation\",\n        \"Cluster Management\",\n        \"Cloud Computing\"\n      ]\n    },\n?   id?: String | StringFieldUpdateOperationsInput,\n?   title?: String | StringFieldUpdateOperationsInput,\n?   cleanTitle?: String | NullableStringFieldUpdateOperationsInput | Null,\n?   description?: String | NullableStringFieldUpdateOperationsInput | Null,\n?   url?: String | StringFieldUpdateOperationsInput,\n?   source?: String | StringFieldUpdateOperationsInput,\n?   image?: String | NullableStringFieldUpdateOperationsInput | Null,\n?   author?: String | NullableStringFieldUpdateOperationsInput | Null,\n?   points?: Int | IntFieldUpdateOperationsInput,\n?   relevanceScore?: Int | IntFieldUpdateOperationsInput,\n?   credibilityScore?: Int | IntFieldUpdateOperationsInput,\n?   createdAt?: DateTime | DateTimeFieldUpdateOperationsInput\n  }\n}\n\nUnknown argument `sentiment_score`. Available options are marked with ?.","service":"techpulse-backend","timestamp":"2026-05-04 20:55:09"}
{"level":"info","message":"🤖 Summarizing: BYOMesh – New LoRa mesh radio offers 100x the bandwidth","service":"techpulse-backend","timestamp":"2026-05-04 20:55:09"}
{"level":"error","message":"❌ Intelligence Worker Error for [BYOMesh – New LoRa mesh radio offers 100x the bandwidth]: \nInvalid `prisma.newsCache.update()` invocation:\n\n{\n  where: {\n    id: \"78bfd0a0-5fc6-49a4-8c64-549c2ea1f3df\"\n  },\n  data: {\n    aiSummary: \"BYOMesh introduces a new LoRa mesh radio Offers 100x the bandwidth of existing solutions Enhanced connectivity for IoT devices Improved data transmission efficiency Increased range and reliability Potential for widespread adoption in various industries Enhanced support for low-power devices Scalable and flexible network architecture Seamless integration with existing infrastructure Cost-effective solution for businesses\",\n    impactCategory: \"PRODUCT LAUNCH\",\n    sentiment_score: 90,\n    ~~~~~~~~~~~~~~~\n    impactHorizon: \"Short-term\",\n    tags: {\n      push: [\n        \"LoRa\",\n        \"Mesh Radio\",\n        \"IoT\",\n        \"Connectivity\",\n        \"Bandwidth\",\n        \"Low-Power Devices\"\n      ]\n    },\n?   id?: String | StringFieldUpdateOperationsInput,\n?   title?: String | StringFieldUpdateOperationsInput,\n?   cleanTitle?: String | NullableStringFieldUpdateOperationsInput | Null,\n?   description?: String | NullableStringFieldUpdateOperationsInput | Null,\n?   url?: String | StringFieldUpdateOperationsInput,\n?   source?: String | StringFieldUpdateOperationsInput,\n?   image?: String | NullableStringFieldUpdateOperationsInput | Null,\n?   author?: String | NullableStringFieldUpdateOperationsInput | Null,\n?   points?: Int | IntFieldUpdateOperationsInput,\n?   relevanceScore?: Int | IntFieldUpdateOperationsInput,\n?   credibilityScore?: Int | IntFieldUpdateOperationsInput,\n?   createdAt?: DateTime | DateTimeFieldUpdateOperationsInput\n  }\n}\n\nUnknown argument `sentiment_score`. Available options are marked with ?.","service":"techpulse-backend","timestamp":"2026-05-04 20:55:10"}
{"level":"info","message":"🤖 Summarizing: Discovering hard disk physical geometry through microbenchmarking (2019)","service":"techpulse-backend","timestamp":"2026-05-04 20:55:10"}
{"level":"error","message":"❌ Intelligence Worker Error for [Discovering hard disk physical geometry through microbenchmarking (2019)]: \nInvalid `prisma.newsCache.update()` invocation:\n\n{\n  where: {\n    id: \"829b1ea1-da85-418b-a4d2-5d2b3fc1452f\"\n  },\n  data: {\n    aiSummary: \"Hard drives store data on spinning magnetic disks with read/write heads Microbenchmarking measures disk geometry, rotation period, and sector location Modern drives have complex layouts with variable track and sector counts Seek time and access time are non-trivial to measure due to acoustic management Track boundaries and skew can be found using microbenchmarking techniques Defective sectors can be identified and visualized using combined tools Microbenchmarking is challenging due to drive complexity and variability Drive geometry characterization has been done in the past but requires updates Newer drives use different densities and track sizes on each surface Average track pitch is 80 nm and average bit length is 17 nm\",\n    impactCategory: \"INFRASTRUCTURE\",\n    sentiment_score: 80,\n    ~~~~~~~~~~~~~~~\n    impactHorizon: \"Short-term\",\n    tags: {\n      push: [\n        \"Hard Disk Drives\",\n        \"Microbenchmarking\",\n        \"Disk Geometry\",\n        \"Seek Time\",\n        \"Track Boundaries\",\n        \"Defective Sectors\"\n      ]\n    },\n?   id?: String | StringFieldUpdateOperationsInput,\n?   title?: String | StringFieldUpdateOperationsInput,\n?   cleanTitle?: String | NullableStringFieldUpdateOperationsInput | Null,\n?   description?: String | NullableStringFieldUpdateOperationsInput | Null,\n?   url?: String | StringFieldUpdateOperationsInput,\n?   source?: String | StringFieldUpdateOperationsInput,\n?   image?: String | NullableStringFieldUpdateOperationsInput | Null,\n?   author?: String | NullableStringFieldUpdateOperationsInput | Null,\n?   points?: Int | IntFieldUpdateOperationsInput,\n?   relevanceScore?: Int | IntFieldUpdateOperationsInput,\n?   credibilityScore?: Int | IntFieldUpdateOperationsInput,\n?   createdAt?: DateTime | DateTimeFieldUpdateOperationsInput\n  }\n}\n\nUnknown argument `sentiment_score`. Available options are marked with ?.","service":"techpulse-backend","timestamp":"2026-05-04 20:55:15"}
{"level":"info","message":"🚀 Secure TechPulse Orchestrator running on http://localhost:5000","service":"techpulse-backend","timestamp":"2026-05-04 21:04:11"}
{"code":"ECONNREFUSED","level":"warn","message":"⚠️ Redis not available. Running without cache:","service":"techpulse-backend","stack":"AggregateError [ECONNREFUSED]: \n    at internalConnectMultiple (node:net:1134:18)\n    at afterConnectMultiple (node:net:1715:7)","timestamp":"2026-05-04 21:04:11"}
{"level":"warn","message":"Redis connection failed. Caching disabled.","service":"techpulse-backend","timestamp":"2026-05-04 21:04:11"}
{"level":"info","message":"🧠 Starting News Intelligence Worker...","service":"techpulse-backend","timestamp":"2026-05-04 21:05:00"}
{"level":"info","message":"🤖 Summarizing: DeepClaude – Claude Code agent loop with DeepSeek V4 Pro","service":"techpulse-backend","timestamp":"2026-05-04 21:05:00"}
{"level":"error","message":"❌ Intelligence Worker Error for [DeepClaude – Claude Code agent loop with DeepSeek V4 Pro]: \nInvalid `prisma.newsCache.update()` invocation:\n\n{\n  where: {\n    id: \"0323b3fd-cfbd-45bc-ac45-63e075811e1f\"\n  },\n  data: {\n    aiSummary: \"DeepClaude integrates Claude Code with DeepSeek V4 Pro for cheaper coding solutions Same UX as Claude Code, but 17x cheaper with DeepSeek V4 Pro Supports multiple backends, including OpenRouter and Fireworks AI Automatic context caching reduces costs for agent loops DeepSeek V4 Pro scores 96.4% on LiveCodeBench, comparable to Claude Opus DeepClaude allows live switching between backends without restart Compatible with various operating systems, including Windows and macOS/Linux Provides cost comparison and benchmarking tools for different backends\",\n    impactCategory: \"AI BREAKTHROUGH\",\n    sentiment_score: 85,\n    ~~~~~~~~~~~~~~~\n    impactHorizon: \"Short-term\",\n    tags: {\n      push: [\n        \"DeepClaude\",\n        \"Claude Code\",\n        \"DeepSeek V4 Pro\",\n        \"Autonomous coding agents\",\n        \"AI-powered coding solutions\",\n        \"Backend integration\"\n      ]\n    },\n?   id?: String | StringFieldUpdateOperationsInput,\n?   title?: String | StringFieldUpdateOperationsInput,\n?   cleanTitle?: String | NullableStringFieldUpdateOperationsInput | Null,\n?   description?: String | NullableStringFieldUpdateOperationsInput | Null,\n?   url?: String | StringFieldUpdateOperationsInput,\n?   source?: String | StringFieldUpdateOperationsInput,\n?   image?: String | NullableStringFieldUpdateOperationsInput | Null,\n?   author?: String | NullableStringFieldUpdateOperationsInput | Null,\n?   points?: Int | IntFieldUpdateOperationsInput,\n?   relevanceScore?: Int | IntFieldUpdateOperationsInput,\n?   credibilityScore?: Int | IntFieldUpdateOperationsInput,\n?   createdAt?: DateTime | DateTimeFieldUpdateOperationsInput\n  }\n}\n\nUnknown argument `sentiment_score`. Available options are marked with ?.","service":"techpulse-backend","timestamp":"2026-05-04 21:05:03"}
{"level":"info","message":"🤖 Summarizing: Bad Connection: Global telecom exploitation by covert surveillance actors","service":"techpulse-backend","timestamp":"2026-05-04 21:05:03"}
{"level":"error","message":"❌ Intelligence Worker Error for [Bad Connection: Global telecom exploitation by covert surveillance actors]: \nInvalid `prisma.newsCache.update()` invocation:\n\n{\n  where: {\n    id: \"14334913-12cc-4348-994c-70b6199ecfc7\"\n  },\n  data: {\n    aiSummary: \"Global telecom networks are being exploited by covert surveillance actors Telecom companies are vulnerable to cyber attacks and data breaches Surveillance actors are using advanced technologies to intercept communications Telecom companies must improve their security measures to protect customer data Governments and regulatory bodies must take action to prevent surveillance The exploitation of telecom networks poses a significant threat to national security Telecom companies must invest in cybersecurity to prevent financial losses The use of encryption and secure communication protocols is essential Telecom companies must comply with data protection regulations The exploitation of telecom networks can have severe consequences for individuals and businesses\",\n    impactCategory: \"SECURITY VULNERABILITY\",\n    sentiment_score: 20,\n    ~~~~~~~~~~~~~~~\n    impactHorizon: \"Short-term\",\n    tags: {\n      push: [\n        \"Telecom Networks\",\n        \"Cyber Security\",\n        \"Surveillance\",\n        \"Data Protection\",\n        \"Encryption\",\n        \"National Security\"\n      ]\n    },\n?   id?: String | StringFieldUpdateOperationsInput,\n?   title?: String | StringFieldUpdateOperationsInput,\n?   cleanTitle?: String | NullableStringFieldUpdateOperationsInput | Null,\n?   description?: String | NullableStringFieldUpdateOperationsInput | Null,\n?   url?: String | StringFieldUpdateOperationsInput,\n?   source?: String | StringFieldUpdateOperationsInput,\n?   image?: String | NullableStringFieldUpdateOperationsInput | Null,\n?   author?: String | NullableStringFieldUpdateOperationsInput | Null,\n?   points?: Int | IntFieldUpdateOperationsInput,\n?   relevanceScore?: Int | IntFieldUpdateOperationsInput,\n?   credibilityScore?: Int | IntFieldUpdateOperationsInput,\n?   createdAt?: DateTime | DateTimeFieldUpdateOperationsInput\n  }\n}\n\nUnknown argument `sentiment_score`. Available options are marked with ?.","service":"techpulse-backend","timestamp":"2026-05-04 21:05:12"}
{"level":"info","message":"🤖 Summarizing: K3sup – bootstrap K3s over SSH in < 60s","service":"techpulse-backend","timestamp":"2026-05-04 21:05:12"}
{"level":"warn","message":"⚠️ External API Error [404] for https://github-rss.vercel.app/repositories/daily","service":"techpulse-backend","timestamp":"2026-05-04 21:05:13"}
{"level":"error","message":"❌ Intelligence Worker Error for [K3sup – bootstrap K3s over SSH in < 60s]: \nInvalid `prisma.newsCache.update()` invocation:\n\n{\n  where: {\n    id: \"62843604-dc57-4832-8810-17b6dced3848\"\n  },\n  data: {\n    aiSummary: \"K3sup bootstraps K3s over SSH in under 60 seconds Automates Kubernetes installation on remote Linux hosts Supports multi-master and Highly-Available clusters Compatible with various platforms, including Raspberry Pi Provides a plan and apply command for automation Enables rapid uninstallation and reset of clusters Supports customization and retention of plan files in Git Offers a Community Edition and a Pro version Includes features for security, authentication, and 2FA Supports integration with existing tools and workflows\",\n    impactCategory: \"OPEN SOURCE\",\n    sentiment_score: 90,\n    ~~~~~~~~~~~~~~~\n    impactHorizon: \"Short-term\",\n    tags: {\n      push: [\n        \"Kubernetes\",\n        \"K3s\",\n        \"SSH\",\n        \"Containerization\",\n        \"DevOps\",\n        \"Automation\"\n      ]\n    },\n?   id?: String | StringFieldUpdateOperationsInput,\n?   title?: String | StringFieldUpdateOperationsInput,\n?   cleanTitle?: String | NullableStringFieldUpdateOperationsInput | Null,\n?   description?: String | NullableStringFieldUpdateOperationsInput | Null,\n?   url?: String | StringFieldUpdateOperationsInput,\n?   source?: String | StringFieldUpdateOperationsInput,\n?   image?: String | NullableStringFieldUpdateOperationsInput | Null,\n?   author?: String | NullableStringFieldUpdateOperationsInput | Null,\n?   points?: Int | IntFieldUpdateOperationsInput,\n?   relevanceScore?: Int | IntFieldUpdateOperationsInput,\n?   credibilityScore?: Int | IntFieldUpdateOperationsInput,\n?   createdAt?: DateTime | DateTimeFieldUpdateOperationsInput\n  }\n}\n\nUnknown argument `sentiment_score`. Available options are marked with ?.","service":"techpulse-backend","timestamp":"2026-05-04 21:05:16"}
{"level":"info","message":"🤖 Summarizing: BYOMesh – New LoRa mesh radio offers 100x the bandwidth","service":"techpulse-backend","timestamp":"2026-05-04 21:05:16"}
{"level":"error","message":"❌ Intelligence Worker Error for [BYOMesh – New LoRa mesh radio offers 100x the bandwidth]: \nInvalid `prisma.newsCache.update()` invocation:\n\n{\n  where: {\n    id: \"78bfd0a0-5fc6-49a4-8c64-549c2ea1f3df\"\n  },\n  data: {\n    aiSummary: \"BYOMesh introduces a new LoRa mesh radio Offers 100x the bandwidth of existing solutions Enhances wireless communication capabilities Supports various IoT applications and devices Improves network reliability and coverage Increases data transfer rates and efficiency Enables more devices to connect to the network Provides a scalable and flexible network infrastructure Enhances overall network performance and productivity\",\n    impactCategory: \"PRODUCT LAUNCH\",\n    sentiment_score: 90,\n    ~~~~~~~~~~~~~~~\n    impactHorizon: \"Short-term\",\n    tags: {\n      push: [\n        \"LoRa mesh radio\",\n        \"IoT connectivity\",\n        \"Wireless communication\",\n        \"Network infrastructure\",\n        \"Scalability\",\n        \"Flexibility\"\n      ]\n    },\n?   id?: String | StringFieldUpdateOperationsInput,\n?   title?: String | StringFieldUpdateOperationsInput,\n?   cleanTitle?: String | NullableStringFieldUpdateOperationsInput | Null,\n?   description?: String | NullableStringFieldUpdateOperationsInput | Null,\n?   url?: String | StringFieldUpdateOperationsInput,\n?   source?: String | StringFieldUpdateOperationsInput,\n?   image?: String | NullableStringFieldUpdateOperationsInput | Null,\n?   author?: String | NullableStringFieldUpdateOperationsInput | Null,\n?   points?: Int | IntFieldUpdateOperationsInput,\n?   relevanceScore?: Int | IntFieldUpdateOperationsInput,\n?   credibilityScore?: Int | IntFieldUpdateOperationsInput,\n?   createdAt?: DateTime | DateTimeFieldUpdateOperationsInput\n  }\n}\n\nUnknown argument `sentiment_score`. Available options are marked with ?.","service":"techpulse-backend","timestamp":"2026-05-04 21:05:18"}
{"level":"info","message":"🤖 Summarizing: Discovering hard disk physical geometry through microbenchmarking (2019)","service":"techpulse-backend","timestamp":"2026-05-04 21:05:18"}
{"level":"error","message":"❌ Intelligence Worker Error for [Discovering hard disk physical geometry through microbenchmarking (2019)]: \nInvalid `prisma.newsCache.update()` invocation:\n\n{\n  where: {\n    id: \"829b1ea1-da85-418b-a4d2-5d2b3fc1452f\"\n  },\n  data: {\n    aiSummary: \"Hard drives store data on spinning magnetic disks with read/write heads Data is arranged in concentric tracks and sectors on recording surfaces Modern drives have complex geometry with variable track and sector counts Microbenchmarks can measure rotation period, sector location, and seek time Track boundaries and skew can be found using microbenchmarking techniques Defective sectors can be identified and visualized using combined tools Microbenchmarking is challenging due to drive complexity and variability Drive geometry and performance can be characterized using microbenchmarks Measurements can be used to infer number of platters and recording surfaces Seek time and access time can be measured and used to observe acoustic management\",\n    impactCategory: \"INFRASTRUCTURE\",\n    sentiment_score: 80,\n    ~~~~~~~~~~~~~~~\n    impactHorizon: \"Short-term\",\n    tags: {\n      push: [\n        \"Hard Disk Drives\",\n        \"Microbenchmarking\",\n        \"Drive Geometry\",\n        \"Seek Time\",\n        \"Access Time\",\n        \"Storage Optimization\"\n      ]\n    },\n?   id?: String | StringFieldUpdateOperationsInput,\n?   title?: String | StringFieldUpdateOperationsInput,\n?   cleanTitle?: String | NullableStringFieldUpdateOperationsInput | Null,\n?   description?: String | NullableStringFieldUpdateOperationsInput | Null,\n?   url?: String | StringFieldUpdateOperationsInput,\n?   source?: String | StringFieldUpdateOperationsInput,\n?   image?: String | NullableStringFieldUpdateOperationsInput | Null,\n?   author?: String | NullableStringFieldUpdateOperationsInput | Null,\n?   points?: Int | IntFieldUpdateOperationsInput,\n?   relevanceScore?: Int | IntFieldUpdateOperationsInput,\n?   credibilityScore?: Int | IntFieldUpdateOperationsInput,\n?   createdAt?: DateTime | DateTimeFieldUpdateOperationsInput\n  }\n}\n\nUnknown argument `sentiment_score`. Available options are marked with ?.","service":"techpulse-backend","timestamp":"2026-05-04 21:05:24"}
{"level":"info","message":"🚀 Secure TechPulse Orchestrator running on http://localhost:5000","service":"techpulse-backend","timestamp":"2026-05-04 21:07:58"}
{"code":"ECONNREFUSED","level":"warn","message":"⚠️ Redis not available. Running without cache:","service":"techpulse-backend","stack":"AggregateError [ECONNREFUSED]: \n    at internalConnectMultiple (node:net:1134:18)\n    at afterConnectMultiple (node:net:1715:7)","timestamp":"2026-05-04 21:07:58"}
{"level":"warn","message":"Redis connection failed. Caching disabled.","service":"techpulse-backend","timestamp":"2026-05-04 21:07:58"}
{"level":"info","message":"🚀 Secure TechPulse Orchestrator running on http://localhost:5000","service":"techpulse-backend","timestamp":"2026-05-04 21:08:16"}
{"code":"ECONNREFUSED","level":"warn","message":"⚠️ Redis not available. Running without cache:","service":"techpulse-backend","stack":"AggregateError [ECONNREFUSED]: \n    at internalConnectMultiple (node:net:1134:18)\n    at afterConnectMultiple (node:net:1715:7)","timestamp":"2026-05-04 21:08:16"}
{"level":"warn","message":"Redis connection failed. Caching disabled.","service":"techpulse-backend","timestamp":"2026-05-04 21:08:16"}
{"level":"warn","message":"⚠️ External API Error [404] for https://github-rss.vercel.app/repositories/daily","service":"techpulse-backend","timestamp":"2026-05-04 21:08:32"}
{"level":"warn","message":"⚠️ External API Error [404] for https://github-rss.vercel.app/repositories/daily","service":"techpulse-backend","timestamp":"2026-05-04 21:09:52"}
{"level":"info","message":"🧠 Starting News Intelligence Worker...","service":"techpulse-backend","timestamp":"2026-05-04 21:10:00"}
{"level":"info","message":"🤖 Summarizing: DeepClaude – Claude Code agent loop with DeepSeek V4 Pro","service":"techpulse-backend","timestamp":"2026-05-04 21:10:00"}
{"level":"error","message":"❌ Intelligence Worker Error for [DeepClaude – Claude Code agent loop with DeepSeek V4 Pro]: \nInvalid `prisma.newsCache.update()` invocation:\n\n{\n  where: {\n    id: \"0323b3fd-cfbd-45bc-ac45-63e075811e1f\"\n  },\n  data: {\n    aiSummary: \"DeepClaude's integration of Claude Code with DeepSeek V4 Pro could significantly reduce AI coding costs, increasing accessibility for developers. This development may lead to widespread adoption of AI-powered coding tools in the industry.\",\n    impactCategory: \"AI BREAKTHROUGH\",\n    sentiment_score: 90,\n    ~~~~~~~~~~~~~~~\n    impactHorizon: \"Short-term\",\n    tags: {\n      push: [\n        \"DeepClaude\",\n        \"Claude Code\",\n        \"DeepSeek V4 Pro\",\n        \"Autonomous Agent Loop\",\n        \"AI Coding\",\n        \"Context Caching\"\n      ]\n    },\n?   id?: String | StringFieldUpdateOperationsInput,\n?   title?: String | StringFieldUpdateOperationsInput,\n?   cleanTitle?: String | NullableStringFieldUpdateOperationsInput | Null,\n?   description?: String | NullableStringFieldUpdateOperationsInput | Null,\n?   url?: String | StringFieldUpdateOperationsInput,\n?   source?: String | StringFieldUpdateOperationsInput,\n?   image?: String | NullableStringFieldUpdateOperationsInput | Null,\n?   author?: String | NullableStringFieldUpdateOperationsInput | Null,\n?   points?: Int | IntFieldUpdateOperationsInput,\n?   relevanceScore?: Int | IntFieldUpdateOperationsInput,\n?   credibilityScore?: Int | IntFieldUpdateOperationsInput,\n?   createdAt?: DateTime | DateTimeFieldUpdateOperationsInput\n  }\n}\n\nUnknown argument `sentiment_score`. Available options are marked with ?.","service":"techpulse-backend","timestamp":"2026-05-04 21:10:04"}
{"level":"info","message":"🤖 Summarizing: Real Experts Teach","service":"techpulse-backend","timestamp":"2026-05-04 21:10:04"}
{"level":"error","message":"❌ Intelligence Worker Error for [Real Experts Teach]: \nInvalid `prisma.newsCache.update()` invocation:\n\n{\n  where: {\n    id: \"10961377-fc4e-405b-9a1c-aaf5f4223cd9\"\n  },\n  data: {\n    aiSummary: \"The development of teaching skills among technical experts has the potential to improve communication and collaboration across industries, leading to more effective knowledge sharing and decision-making. As technical professionals advance in their careers, the ability to teach and explain complex concepts will become an increasingly important skill.\",\n    impactCategory: \"AI BREAKTHROUGH\",\n    sentiment_score: 80,\n    ~~~~~~~~~~~~~~~\n    impactHorizon: \"Short-term\",\n    tags: {\n      push: [\n        \"Technical Communication\",\n        \"Teaching Skills\",\n        \"Empathy\",\n        \"Active Listening\",\n        \"Audience Awareness\",\n        \"Knowledge Sharing\"\n      ]\n    },\n?   id?: String | StringFieldUpdateOperationsInput,\n?   title?: String | StringFieldUpdateOperationsInput,\n?   cleanTitle?: String | NullableStringFieldUpdateOperationsInput | Null,\n?   description?: String | NullableStringFieldUpdateOperationsInput | Null,\n?   url?: String | StringFieldUpdateOperationsInput,\n?   source?: String | StringFieldUpdateOperationsInput,\n?   image?: String | NullableStringFieldUpdateOperationsInput | Null,\n?   author?: String | NullableStringFieldUpdateOperationsInput | Null,\n?   points?: Int | IntFieldUpdateOperationsInput,\n?   relevanceScore?: Int | IntFieldUpdateOperationsInput,\n?   credibilityScore?: Int | IntFieldUpdateOperationsInput,\n?   createdAt?: DateTime | DateTimeFieldUpdateOperationsInput\n  }\n}\n\nUnknown argument `sentiment_score`. Available options are marked with ?.","service":"techpulse-backend","timestamp":"2026-05-04 21:10:07"}
{"level":"info","message":"🤖 Summarizing: Bad Connection: Global telecom exploitation by covert surveillance actors","service":"techpulse-backend","timestamp":"2026-05-04 21:10:07"}
{"level":"error","message":"❌ Intelligence Worker Error for [Bad Connection: Global telecom exploitation by covert surveillance actors]: \nInvalid `prisma.newsCache.update()` invocation:\n\n{\n  where: {\n    id: \"14334913-12cc-4348-994c-70b6199ecfc7\"\n  },\n  data: {\n    aiSummary: \"The uncovering of global telecom exploitation by covert surveillance actors poses significant risks to individual privacy and national security, requiring immediate attention from regulators and the telecom industry. The long-term significance of this news lies in its potential to drive major reforms in the telecom sector, enhancing security and oversight mechanisms to prevent such surveillance activities.\",\n    impactCategory: \"SECURITY VULNERABILITY\",\n    sentiment_score: 20,\n    ~~~~~~~~~~~~~~~\n    impactHorizon: \"Short-term\",\n    tags: {\n      push: [\n        \"Telecom Surveillance\",\n        \"Covert Surveillance Actors\",\n        \"SIM Card Exploitation\",\n        \"Customized Surveillance Tooling\",\n        \"Global Network Infrastructure\",\n        \"Intercarrier Provider OPSEC\"\n      ]\n    },\n?   id?: String | StringFieldUpdateOperationsInput,\n?   title?: String | StringFieldUpdateOperationsInput,\n?   cleanTitle?: String | NullableStringFieldUpdateOperationsInput | Null,\n?   description?: String | NullableStringFieldUpdateOperationsInput | Null,\n?   url?: String | StringFieldUpdateOperationsInput,\n?   source?: String | StringFieldUpdateOperationsInput,\n?   image?: String | NullableStringFieldUpdateOperationsInput | Null,\n?   author?: String | NullableStringFieldUpdateOperationsInput | Null,\n?   points?: Int | IntFieldUpdateOperationsInput,\n?   relevanceScore?: Int | IntFieldUpdateOperationsInput,\n?   credibilityScore?: Int | IntFieldUpdateOperationsInput,\n?   createdAt?: DateTime | DateTimeFieldUpdateOperationsInput\n  }\n}\n\nUnknown argument `sentiment_score`. Available options are marked with ?.","service":"techpulse-backend","timestamp":"2026-05-04 21:10:10"}
{"level":"info","message":"🤖 Summarizing: Introduction to Atom","service":"techpulse-backend","timestamp":"2026-05-04 21:10:10"}
{"level":"error","message":"❌ Intelligence Worker Error for [Introduction to Atom]: \nInvalid `prisma.newsCache.update()` invocation:\n\n{\n  where: {\n    id: \"1f1fda10-2572-4279-a38f-7f66851acae6\"\n  },\n  data: {\n    aiSummary: \"The introduction of Atom has the potential to significantly enhance coding efficiency and collaboration among developers, potentially streamlining the development process. As Atom continues to evolve, it may become a crucial tool in the industry, driving innovation and growth.\",\n    impactCategory: \"OPEN SOURCE\",\n    sentiment_score: 80,\n    ~~~~~~~~~~~~~~~\n    impactHorizon: \"Short-term\",\n    tags: {\n      push: [\n        \"Atom\",\n        \"Text Editor\",\n        \"Coding\",\n        \"Development Workflows\",\n        \"Open Source Software\",\n        \"HackerNews\"\n      ]\n    },\n?   id?: String | StringFieldUpdateOperationsInput,\n?   title?: String | StringFieldUpdateOperationsInput,\n?   cleanTitle?: String | NullableStringFieldUpdateOperationsInput | Null,\n?   description?: String | NullableStringFieldUpdateOperationsInput | Null,\n?   url?: String | StringFieldUpdateOperationsInput,\n?   source?: String | StringFieldUpdateOperationsInput,\n?   image?: String | NullableStringFieldUpdateOperationsInput | Null,\n?   author?: String | NullableStringFieldUpdateOperationsInput | Null,\n?   points?: Int | IntFieldUpdateOperationsInput,\n?   relevanceScore?: Int | IntFieldUpdateOperationsInput,\n?   credibilityScore?: Int | IntFieldUpdateOperationsInput,\n?   createdAt?: DateTime | DateTimeFieldUpdateOperationsInput\n  }\n}\n\nUnknown argument `sentiment_score`. Available options are marked with ?.","service":"techpulse-backend","timestamp":"2026-05-04 21:10:12"}
{"level":"info","message":"🤖 Summarizing: Show HN: One container. 4 cores. Hybrid search. 10k concurrent users?","service":"techpulse-backend","timestamp":"2026-05-04 21:10:12"}
{"level":"error","message":"❌ Intelligence Worker Error for [Show HN: One container. 4 cores. Hybrid search. 10k concurrent users?]: \nInvalid `prisma.newsCache.update()` invocation:\n\n{\n  where: {\n    id: \"294c96d6-6dc9-48df-96d6-5d87ca6e82f3\"\n  },\n  data: {\n    aiSummary: \"Amgix One's hybrid search capabilities and ease of deployment can significantly enhance search functionality in various applications, potentially leading to increased adoption and improved user experience. Its performance and scalability make it a viable option for organizations with moderate search requirements.\",\n    impactCategory: \"OPEN SOURCE\",\n    sentiment_score: 80,\n    ~~~~~~~~~~~~~~~\n    impactHorizon: \"Short-term\",\n    tags: {\n      push: [\n        \"Hybrid Search\",\n        \"Amgix One\",\n        \"Containerization\",\n        \"Locust\",\n        \"WMTR Vectors\",\n        \"Dense Vectors\"\n      ]\n    },\n?   id?: String | StringFieldUpdateOperationsInput,\n?   title?: String | StringFieldUpdateOperationsInput,\n?   cleanTitle?: String | NullableStringFieldUpdateOperationsInput | Null,\n?   description?: String | NullableStringFieldUpdateOperationsInput | Null,\n?   url?: String | StringFieldUpdateOperationsInput,\n?   source?: String | StringFieldUpdateOperationsInput,\n?   image?: String | NullableStringFieldUpdateOperationsInput | Null,\n?   author?: String | NullableStringFieldUpdateOperationsInput | Null,\n?   points?: Int | IntFieldUpdateOperationsInput,\n?   relevanceScore?: Int | IntFieldUpdateOperationsInput,\n?   credibilityScore?: Int | IntFieldUpdateOperationsInput,\n?   createdAt?: DateTime | DateTimeFieldUpdateOperationsInput\n  }\n}\n\nUnknown argument `sentiment_score`. Available options are marked with ?.","service":"techpulse-backend","timestamp":"2026-05-04 21:10:16"}
{"level":"info","message":"🤖 Summarizing: Seeking maintainers for our OCaml SIP server, gRPC, and HTTP/2 libraries","service":"techpulse-backend","timestamp":"2026-05-04 21:10:16"}
{"level":"error","message":"❌ Intelligence Worker Error for [Seeking maintainers for our OCaml SIP server, gRPC, and HTTP/2 libraries]: \nInvalid `prisma.newsCache.update()` invocation:\n\n{\n  where: {\n    id: \"39ae9972-e918-4abd-93f4-def1e3ff2343\"\n  },\n  data: {\n    aiSummary: \"The donation of OCaml libraries by Dialo can enhance the development of telephony systems and improve the maintenance of existing projects. This move may also lead to increased collaboration and knowledge sharing within the OCaml community.\",\n    impactCategory: \"OPEN SOURCE\",\n    sentiment_score: 60,\n    ~~~~~~~~~~~~~~~\n    impactHorizon: \"Short-term\",\n    tags: {\n      push: [\n        \"OCaml\",\n        \"gRPC\",\n        \"HTTP/2\",\n        \"SIP server\",\n        \"eio\",\n        \"Rust\"\n      ]\n    },\n?   id?: String | StringFieldUpdateOperationsInput,\n?   title?: String | StringFieldUpdateOperationsInput,\n?   cleanTitle?: String | NullableStringFieldUpdateOperationsInput | Null,\n?   description?: String | NullableStringFieldUpdateOperationsInput | Null,\n?   url?: String | StringFieldUpdateOperationsInput,\n?   source?: String | StringFieldUpdateOperationsInput,\n?   image?: String | NullableStringFieldUpdateOperationsInput | Null,\n?   author?: String | NullableStringFieldUpdateOperationsInput | Null,\n?   points?: Int | IntFieldUpdateOperationsInput,\n?   relevanceScore?: Int | IntFieldUpdateOperationsInput,\n?   credibilityScore?: Int | IntFieldUpdateOperationsInput,\n?   createdAt?: DateTime | DateTimeFieldUpdateOperationsInput\n  }\n}\n\nUnknown argument `sentiment_score`. Available options are marked with ?.","service":"techpulse-backend","timestamp":"2026-05-04 21:10:20"}
{"level":"info","message":"🤖 Summarizing: H2 General Expense Database [video]","service":"techpulse-backend","timestamp":"2026-05-04 21:10:20"}
{"level":"error","message":"❌ Intelligence Worker Error for [H2 General Expense Database [video]]: \nInvalid `prisma.newsCache.update()` invocation:\n\n{\n  where: {\n    id: \"3ba54433-8f81-4b06-912f-505eae29a64b\"\n  },\n  data: {\n    aiSummary: \"The Ajqvue database management system offers a user-friendly interface and robust features, potentially streamlining data management for various industries. Its open-source nature and extensive documentation make it an attractive option for developers and organizations seeking a customizable solution.\",\n    impactCategory: \"OPEN SOURCE\",\n    sentiment_score: 80,\n    ~~~~~~~~~~~~~~~\n    impactHorizon: \"Short-term\",\n    tags: {\n      push: [\n        \"Database Management\",\n        \"Open-Source Software\",\n        \"Data Entry\",\n        \"Search Functionality\",\n        \"Plugin Architecture\",\n        \"GNU GPL License\"\n      ]\n    },\n?   id?: String | StringFieldUpdateOperationsInput,\n?   title?: String | StringFieldUpdateOperationsInput,\n?   cleanTitle?: String | NullableStringFieldUpdateOperationsInput | Null,\n?   description?: String | NullableStringFieldUpdateOperationsInput | Null,\n?   url?: String | StringFieldUpdateOperationsInput,\n?   source?: String | StringFieldUpdateOperationsInput,\n?   image?: String | NullableStringFieldUpdateOperationsInput | Null,\n?   author?: String | NullableStringFieldUpdateOperationsInput | Null,\n?   points?: Int | IntFieldUpdateOperationsInput,\n?   relevanceScore?: Int | IntFieldUpdateOperationsInput,\n?   credibilityScore?: Int | IntFieldUpdateOperationsInput,\n?   createdAt?: DateTime | DateTimeFieldUpdateOperationsInput\n  }\n}\n\nUnknown argument `sentiment_score`. Available options are marked with ?.","service":"techpulse-backend","timestamp":"2026-05-04 21:10:25"}
{"level":"info","message":"🤖 Summarizing: How Everest has changed since Into Thin Air","service":"techpulse-backend","timestamp":"2026-05-04 21:10:25"}
{"level":"error","message":"❌ Intelligence Worker Error for [How Everest has changed since Into Thin Air]: \nInvalid `prisma.newsCache.update()` invocation:\n\n{\n  where: {\n    id: \"3eb92db9-904c-4a02-b759-360e44c9407e\"\n  },\n  data: {\n    aiSummary: \"The shift in authority and improved safety measures on Everest may lead to increased climbing activity, but also raises concerns about the long-term sustainability of the mountain's ecosystem. The growing demand for high-altitude workers and guiding services may create new economic opportunities for local communities.\",\n    impactCategory: \"INFRASTRUCTURE\",\n    sentiment_score: 70,\n    ~~~~~~~~~~~~~~~\n    impactHorizon: \"Short-term\",\n    tags: {\n      push: [\n        \"Mountaineering\",\n        \"Guiding Technology\",\n        \"High-Altitude Climbing\",\n        \"Sherpa Guides\",\n        \"Climbing Safety\",\n        \"Sustainable Tourism\"\n      ]\n    },\n?   id?: String | StringFieldUpdateOperationsInput,\n?   title?: String | StringFieldUpdateOperationsInput,\n?   cleanTitle?: String | NullableStringFieldUpdateOperationsInput | Null,\n?   description?: String | NullableStringFieldUpdateOperationsInput | Null,\n?   url?: String | StringFieldUpdateOperationsInput,\n?   source?: String | StringFieldUpdateOperationsInput,\n?   image?: String | NullableStringFieldUpdateOperationsInput | Null,\n?   author?: String | NullableStringFieldUpdateOperationsInput | Null,\n?   points?: Int | IntFieldUpdateOperationsInput,\n?   relevanceScore?: Int | IntFieldUpdateOperationsInput,\n?   credibilityScore?: Int | IntFieldUpdateOperationsInput,\n?   createdAt?: DateTime | DateTimeFieldUpdateOperationsInput\n  }\n}\n\nUnknown argument `sentiment_score`. Available options are marked with ?.","service":"techpulse-backend","timestamp":"2026-05-04 21:10:31"}
{"level":"info","message":"🤖 Summarizing: Let's Buy Spirit Air","service":"techpulse-backend","timestamp":"2026-05-04 21:10:31"}
{"level":"error","message":"❌ Intelligence Worker Error for [Let's Buy Spirit Air]: \nInvalid `prisma.newsCache.update()` invocation:\n\n{\n  where: {\n    id: \"436231c7-bd6a-49c4-88e6-aacfa1681036\"\n  },\n  data: {\n    aiSummary: \"The potential acquisition of Spirit Air through a crowd-sourced initiative could revolutionize the airline industry by introducing a new ownership model. However, it also poses significant regulatory and logistical challenges that need to be addressed.\",\n    impactCategory: \"MARKET ACQUISITION\",\n    sentiment_score: 80,\n    ~~~~~~~~~~~~~~~\n    impactHorizon: \"Short-term\",\n    tags: {\n      push: [\n        \"Crowd-sourced Acquisition\",\n        \"Airline Industry\",\n        \"Collective Ownership\",\n        \"Disruptive Innovation\",\n        \"Regulatory Compliance\",\n        \"Community Engagement\"\n      ]\n    },\n?   id?: String | StringFieldUpdateOperationsInput,\n?   title?: String | StringFieldUpdateOperationsInput,\n?   cleanTitle?: String | NullableStringFieldUpdateOperationsInput | Null,\n?   description?: String | NullableStringFieldUpdateOperationsInput | Null,\n?   url?: String | StringFieldUpdateOperationsInput,\n?   source?: String | StringFieldUpdateOperationsInput,\n?   image?: String | NullableStringFieldUpdateOperationsInput | Null,\n?   author?: String | NullableStringFieldUpdateOperationsInput | Null,\n?   points?: Int | IntFieldUpdateOperationsInput,\n?   relevanceScore?: Int | IntFieldUpdateOperationsInput,\n?   credibilityScore?: Int | IntFieldUpdateOperationsInput,\n?   createdAt?: DateTime | DateTimeFieldUpdateOperationsInput\n  }\n}\n\nUnknown argument `sentiment_score`. Available options are marked with ?.","service":"techpulse-backend","timestamp":"2026-05-04 21:10:34"}
{"level":"info","message":"🤖 Summarizing: Texico: Learn the principles of programming without even touching a computer","service":"techpulse-backend","timestamp":"2026-05-04 21:10:34"}
{"level":"error","message":"❌ Intelligence Worker Error for [Texico: Learn the principles of programming without even touching a computer]: \nInvalid `prisma.newsCache.update()` invocation:\n\n{\n  where: {\n    id: \"4716f229-2f5a-4813-8046-73de3334b6b2\"\n  },\n  data: {\n    aiSummary: \"Texico's innovative approach to programming education has the potential to increase accessibility and diversity in the tech industry. This development could lead to a more inclusive and skilled workforce, driving long-term growth and innovation.\",\n    impactCategory: \"PRODUCT LAUNCH\",\n    sentiment_score: 80,\n    ~~~~~~~~~~~~~~~\n    impactHorizon: \"Short-term\",\n    tags: {\n      push: [\n        \"Programming Education\",\n        \"Animated Learning\",\n        \"Core Programming Processes\",\n        \"Accessible Education\",\n        \"Innovative Learning Methods\"\n      ]\n    },\n?   id?: String | StringFieldUpdateOperationsInput,\n?   title?: String | StringFieldUpdateOperationsInput,\n?   cleanTitle?: String | NullableStringFieldUpdateOperationsInput | Null,\n?   description?: String | NullableStringFieldUpdateOperationsInput | Null,\n?   url?: String | StringFieldUpdateOperationsInput,\n?   source?: String | StringFieldUpdateOperationsInput,\n?   image?: String | NullableStringFieldUpdateOperationsInput | Null,\n?   author?: String | NullableStringFieldUpdateOperationsInput | Null,\n?   points?: Int | IntFieldUpdateOperationsInput,\n?   relevanceScore?: Int | IntFieldUpdateOperationsInput,\n?   credibilityScore?: Int | IntFieldUpdateOperationsInput,\n?   createdAt?: DateTime | DateTimeFieldUpdateOperationsInput\n  }\n}\n\nUnknown argument `sentiment_score`. Available options are marked with ?.","service":"techpulse-backend","timestamp":"2026-05-04 21:10:36"}
{"level":"warn","message":"⚠️ External API Error [404] for https://github-rss.vercel.app/repositories/daily","service":"techpulse-backend","timestamp":"2026-05-04 21:14:00"}
{"level":"info","message":"🧠 Starting News Intelligence Worker...","service":"techpulse-backend","timestamp":"2026-05-04 21:15:00"}
{"level":"info","message":"🤖 Summarizing: DeepClaude – Claude Code agent loop with DeepSeek V4 Pro","service":"techpulse-backend","timestamp":"2026-05-04 21:15:00"}
{"level":"error","message":"❌ Intelligence Worker Error for [DeepClaude – Claude Code agent loop with DeepSeek V4 Pro]: \nInvalid `prisma.newsCache.update()` invocation:\n\n{\n  where: {\n    id: \"0323b3fd-cfbd-45bc-ac45-63e075811e1f\"\n  },\n  data: {\n    aiSummary: \"DeepClaude's integration with DeepSeek V4 Pro could significantly reduce costs for autonomous coding, potentially increasing adoption. However, the difference in intelligence capabilities between DeepSeek and Anthropic may impact complex reasoning tasks.\",\n    impactCategory: \"AI BREAKTHROUGH\",\n    sentiment_score: 90,\n    ~~~~~~~~~~~~~~~\n    impactHorizon: \"Short-term\",\n    tags: {\n      push: [\n        \"Autonomous Coding\",\n        \"DeepSeek V4 Pro\",\n        \"Claude Code\",\n        \"Anthropic\",\n        \"OpenRouter\",\n        \"Fireworks AI\"\n      ]\n    },\n?   id?: String | StringFieldUpdateOperationsInput,\n?   title?: String | StringFieldUpdateOperationsInput,\n?   cleanTitle?: String | NullableStringFieldUpdateOperationsInput | Null,\n?   description?: String | NullableStringFieldUpdateOperationsInput | Null,\n?   url?: String | StringFieldUpdateOperationsInput,\n?   source?: String | StringFieldUpdateOperationsInput,\n?   image?: String | NullableStringFieldUpdateOperationsInput | Null,\n?   author?: String | NullableStringFieldUpdateOperationsInput | Null,\n?   points?: Int | IntFieldUpdateOperationsInput,\n?   relevanceScore?: Int | IntFieldUpdateOperationsInput,\n?   credibilityScore?: Int | IntFieldUpdateOperationsInput,\n?   createdAt?: DateTime | DateTimeFieldUpdateOperationsInput\n  }\n}\n\nUnknown argument `sentiment_score`. Available options are marked with ?.","service":"techpulse-backend","timestamp":"2026-05-04 21:15:03"}
{"level":"info","message":"🤖 Summarizing: Real Experts Teach","service":"techpulse-backend","timestamp":"2026-05-04 21:15:03"}
{"level":"error","message":"❌ Intelligence Worker Error for [Real Experts Teach]: \nInvalid `prisma.newsCache.update()` invocation:\n\n{\n  where: {\n    id: \"10961377-fc4e-405b-9a1c-aaf5f4223cd9\"\n  },\n  data: {\n    aiSummary: \"The ability of technical experts to teach and communicate complex concepts effectively will become a key differentiator in the industry, driving business success and innovation. As technology continues to evolve, the need for skilled technical communicators will only continue to grow.\",\n    impactCategory: \"AI BREAKTHROUGH\",\n    sentiment_score: 80,\n    ~~~~~~~~~~~~~~~\n    impactHorizon: \"Short-term\",\n    tags: {\n      push: [\n        \"Technical Communication\",\n        \"Teaching Strategies\",\n        \"Empathy\",\n        \"Active Listening\",\n        \"Audience Analysis\",\n        \"Complexity Simplification\"\n      ]\n    },\n?   id?: String | StringFieldUpdateOperationsInput,\n?   title?: String | StringFieldUpdateOperationsInput,\n?   cleanTitle?: String | NullableStringFieldUpdateOperationsInput | Null,\n?   description?: String | NullableStringFieldUpdateOperationsInput | Null,\n?   url?: String | StringFieldUpdateOperationsInput,\n?   source?: String | StringFieldUpdateOperationsInput,\n?   image?: String | NullableStringFieldUpdateOperationsInput | Null,\n?   author?: String | NullableStringFieldUpdateOperationsInput | Null,\n?   points?: Int | IntFieldUpdateOperationsInput,\n?   relevanceScore?: Int | IntFieldUpdateOperationsInput,\n?   credibilityScore?: Int | IntFieldUpdateOperationsInput,\n?   createdAt?: DateTime | DateTimeFieldUpdateOperationsInput\n  }\n}\n\nUnknown argument `sentiment_score`. Available options are marked with ?.","service":"techpulse-backend","timestamp":"2026-05-04 21:15:05"}
{"level":"info","message":"🤖 Summarizing: Bad Connection: Global telecom exploitation by covert surveillance actors","service":"techpulse-backend","timestamp":"2026-05-04 21:15:05"}
{"level":"error","message":"❌ Intelligence Worker Error for [Bad Connection: Global telecom exploitation by covert surveillance actors]: \nInvalid `prisma.newsCache.update()` invocation:\n\n{\n  where: {\n    id: \"14334913-12cc-4348-994c-70b6199ecfc7\"\n  },\n  data: {\n    aiSummary: \"The uncovering of global telecom exploitation by covert surveillance actors poses a significant threat to individual privacy and national security, requiring immediate attention from regulators and the telecom industry. The long-term significance of this news lies in its potential to drive major reforms in the telecom sector and raise awareness about the importance of surveillance protection.\",\n    impactCategory: \"SECURITY VULNERABILITY\",\n    sentiment_score: 20,\n    ~~~~~~~~~~~~~~~\n    impactHorizon: \"Short-term\",\n    tags: {\n      push: [\n        \"Telecom Surveillance\",\n        \"Signalling Network Protocols\",\n        \"Location Tracking\",\n        \"Commercial Surveillance Vendors\",\n        \"Mobile Operator Security\",\n        \"Interconnect Ecosystem\"\n      ]\n    },\n?   id?: String | StringFieldUpdateOperationsInput,\n?   title?: String | StringFieldUpdateOperationsInput,\n?   cleanTitle?: String | NullableStringFieldUpdateOperationsInput | Null,\n?   description?: String | NullableStringFieldUpdateOperationsInput | Null,\n?   url?: String | StringFieldUpdateOperationsInput,\n?   source?: String | StringFieldUpdateOperationsInput,\n?   image?: String | NullableStringFieldUpdateOperationsInput | Null,\n?   author?: String | NullableStringFieldUpdateOperationsInput | Null,\n?   points?: Int | IntFieldUpdateOperationsInput,\n?   relevanceScore?: Int | IntFieldUpdateOperationsInput,\n?   credibilityScore?: Int | IntFieldUpdateOperationsInput,\n?   createdAt?: DateTime | DateTimeFieldUpdateOperationsInput\n  }\n}\n\nUnknown argument `sentiment_score`. Available options are marked with ?.","service":"techpulse-backend","timestamp":"2026-05-04 21:15:08"}
{"level":"info","message":"🤖 Summarizing: Introduction to Atom","service":"techpulse-backend","timestamp":"2026-05-04 21:15:08"}
{"level":"error","message":"❌ Intelligence Worker Error for [Introduction to Atom]: \nInvalid `prisma.newsCache.update()` invocation:\n\n{\n  where: {\n    id: \"1f1fda10-2572-4279-a38f-7f66851acae6\"\n  },\n  data: {\n    aiSummary: \"The introduction of Atom has the potential to significantly enhance coding efficiency and collaboration, potentially streamlining development workflows across the industry. As Atom continues to evolve, it may become a crucial tool for developers, driving innovation and growth in the tech sector.\",\n    impactCategory: \"OPEN SOURCE\",\n    sentiment_score: 80,\n    ~~~~~~~~~~~~~~~\n    impactHorizon: \"Short-term\",\n    tags: {\n      push: [\n        \"Atom\",\n        \"Coding\",\n        \"Development Workflows\",\n        \"Collaboration Tools\",\n        \"Open Source Technology\",\n        \"Software Development\"\n      ]\n    },\n?   id?: String | StringFieldUpdateOperationsInput,\n?   title?: String | StringFieldUpdateOperationsInput,\n?   cleanTitle?: String | NullableStringFieldUpdateOperationsInput | Null,\n?   description?: String | NullableStringFieldUpdateOperationsInput | Null,\n?   url?: String | StringFieldUpdateOperationsInput,\n?   source?: String | StringFieldUpdateOperationsInput,\n?   image?: String | NullableStringFieldUpdateOperationsInput | Null,\n?   author?: String | NullableStringFieldUpdateOperationsInput | Null,\n?   points?: Int | IntFieldUpdateOperationsInput,\n?   relevanceScore?: Int | IntFieldUpdateOperationsInput,\n?   credibilityScore?: Int | IntFieldUpdateOperationsInput,\n?   createdAt?: DateTime | DateTimeFieldUpdateOperationsInput\n  }\n}\n\nUnknown argument `sentiment_score`. Available options are marked with ?.","service":"techpulse-backend","timestamp":"2026-05-04 21:15:10"}
{"level":"info","message":"🤖 Summarizing: Show HN: One container. 4 cores. Hybrid search. 10k concurrent users?","service":"techpulse-backend","timestamp":"2026-05-04 21:15:10"}
{"level":"error","message":"❌ Intelligence Worker Error for [Show HN: One container. 4 cores. Hybrid search. 10k concurrent users?]: \nInvalid `prisma.newsCache.update()` invocation:\n\n{\n  where: {\n    id: \"294c96d6-6dc9-48df-96d6-5d87ca6e82f3\"\n  },\n  data: {\n    aiSummary: \"Amgix One's hybrid search capabilities can significantly improve search performance for moderate-scale applications, potentially reducing infrastructure costs. However, its limitations in scalability may hinder its adoption in large-scale enterprises.\",\n    impactCategory: \"OPEN SOURCE\",\n    sentiment_score: 80,\n    ~~~~~~~~~~~~~~~\n    impactHorizon: \"Short-term\",\n    tags: {\n      push: [\n        \"Hybrid Search\",\n        \"Amgix One\",\n        \"Single-Container Deployment\",\n        \"Locust\",\n        \"WMTR Vectors\",\n        \"Dense Vectors\"\n      ]\n    },\n?   id?: String | StringFieldUpdateOperationsInput,\n?   title?: String | StringFieldUpdateOperationsInput,\n?   cleanTitle?: String | NullableStringFieldUpdateOperationsInput | Null,\n?   description?: String | NullableStringFieldUpdateOperationsInput | Null,\n?   url?: String | StringFieldUpdateOperationsInput,\n?   source?: String | StringFieldUpdateOperationsInput,\n?   image?: String | NullableStringFieldUpdateOperationsInput | Null,\n?   author?: String | NullableStringFieldUpdateOperationsInput | Null,\n?   points?: Int | IntFieldUpdateOperationsInput,\n?   relevanceScore?: Int | IntFieldUpdateOperationsInput,\n?   credibilityScore?: Int | IntFieldUpdateOperationsInput,\n?   createdAt?: DateTime | DateTimeFieldUpdateOperationsInput\n  }\n}\n\nUnknown argument `sentiment_score`. Available options are marked with ?.","service":"techpulse-backend","timestamp":"2026-05-04 21:15:13"}
{"level":"info","message":"🤖 Summarizing: Seeking maintainers for our OCaml SIP server, gRPC, and HTTP/2 libraries","service":"techpulse-backend","timestamp":"2026-05-04 21:15:13"}
{"level":"error","message":"❌ Intelligence Worker Error for [Seeking maintainers for our OCaml SIP server, gRPC, and HTTP/2 libraries]: \nInvalid `prisma.newsCache.update()` invocation:\n\n{\n  where: {\n    id: \"39ae9972-e918-4abd-93f4-def1e3ff2343\"\n  },\n  data: {\n    aiSummary: \"The donation of OCaml libraries by Dialo may lead to increased community involvement and improvement of these libraries. However, the transition from OCaml to Rust by Dialo may indicate a shift in industry trends towards easier maintenance and scalability.\",\n    impactCategory: \"OPEN SOURCE\",\n    sentiment_score: 60,\n    ~~~~~~~~~~~~~~~\n    impactHorizon: \"Short-term\",\n    tags: {\n      push: [\n        \"OCaml\",\n        \"gRPC\",\n        \"HTTP/2\",\n        \"SIP server\",\n        \"Rust\",\n        \"Open source\"\n      ]\n    },\n?   id?: String | StringFieldUpdateOperationsInput,\n?   title?: String | StringFieldUpdateOperationsInput,\n?   cleanTitle?: String | NullableStringFieldUpdateOperationsInput | Null,\n?   description?: String | NullableStringFieldUpdateOperationsInput | Null,\n?   url?: String | StringFieldUpdateOperationsInput,\n?   source?: String | StringFieldUpdateOperationsInput,\n?   image?: String | NullableStringFieldUpdateOperationsInput | Null,\n?   author?: String | NullableStringFieldUpdateOperationsInput | Null,\n?   points?: Int | IntFieldUpdateOperationsInput,\n?   relevanceScore?: Int | IntFieldUpdateOperationsInput,\n?   credibilityScore?: Int | IntFieldUpdateOperationsInput,\n?   createdAt?: DateTime | DateTimeFieldUpdateOperationsInput\n  }\n}\n\nUnknown argument `sentiment_score`. Available options are marked with ?.","service":"techpulse-backend","timestamp":"2026-05-04 21:15:17"}
{"level":"info","message":"🤖 Summarizing: H2 General Expense Database [video]","service":"techpulse-backend","timestamp":"2026-05-04 21:15:17"}
{"level":"error","message":"❌ Intelligence Worker Error for [H2 General Expense Database [video]]: \nInvalid `prisma.newsCache.update()` invocation:\n\n{\n  where: {\n    id: \"3ba54433-8f81-4b06-912f-505eae29a64b\"\n  },\n  data: {\n    aiSummary: \"The Ajqvue database management system offers a comprehensive set of features for efficient data management, potentially streamlining business operations. Its open-source nature and availability of documentation and tutorials make it an attractive option for organizations seeking a customizable database solution.\",\n    impactCategory: \"OPEN SOURCE\",\n    sentiment_score: 80,\n    ~~~~~~~~~~~~~~~\n    impactHorizon: \"Short-term\",\n    tags: {\n      push: [\n        \"Database Management\",\n        \"Open-Source Software\",\n        \"Data Entry\",\n        \"Search Functionality\",\n        \"Plugin Architecture\",\n        \"GNU GPL License\"\n      ]\n    },\n?   id?: String | StringFieldUpdateOperationsInput,\n?   title?: String | StringFieldUpdateOperationsInput,\n?   cleanTitle?: String | NullableStringFieldUpdateOperationsInput | Null,\n?   description?: String | NullableStringFieldUpdateOperationsInput | Null,\n?   url?: String | StringFieldUpdateOperationsInput,\n?   source?: String | StringFieldUpdateOperationsInput,\n?   image?: String | NullableStringFieldUpdateOperationsInput | Null,\n?   author?: String | NullableStringFieldUpdateOperationsInput | Null,\n?   points?: Int | IntFieldUpdateOperationsInput,\n?   relevanceScore?: Int | IntFieldUpdateOperationsInput,\n?   credibilityScore?: Int | IntFieldUpdateOperationsInput,\n?   createdAt?: DateTime | DateTimeFieldUpdateOperationsInput\n  }\n}\n\nUnknown argument `sentiment_score`. Available options are marked with ?.","service":"techpulse-backend","timestamp":"2026-05-04 21:15:19"}
{"level":"info","message":"🤖 Summarizing: How Everest has changed since Into Thin Air","service":"techpulse-backend","timestamp":"2026-05-04 21:15:19"}
{"level":"error","message":"❌ Intelligence Worker Error for [How Everest has changed since Into Thin Air]: \nInvalid `prisma.newsCache.update()` invocation:\n\n{\n  where: {\n    id: \"3eb92db9-904c-4a02-b759-360e44c9407e\"\n  },\n  data: {\n    aiSummary: \"The shift in authority and improved safety measures on Everest have significantly reduced fatalities, but climbing remains a high-risk activity. This development has long-term implications for the mountaineering industry, with a growing need for skilled guides and improved equipment.\",\n    impactCategory: \"INFRASTRUCTURE\",\n    sentiment_score: 70,\n    ~~~~~~~~~~~~~~~\n    impactHorizon: \"Short-term\",\n    tags: {\n      push: [\n        \"Mountaineering\",\n        \"Everest Climbing\",\n        \"Nepali Guides\",\n        \"Khumbu Climbing Center\",\n        \"Climbing Safety\",\n        \"Guiding Technology\"\n      ]\n    },\n?   id?: String | StringFieldUpdateOperationsInput,\n?   title?: String | StringFieldUpdateOperationsInput,\n?   cleanTitle?: String | NullableStringFieldUpdateOperationsInput | Null,\n?   description?: String | NullableStringFieldUpdateOperationsInput | Null,\n?   url?: String | StringFieldUpdateOperationsInput,\n?   source?: String | StringFieldUpdateOperationsInput,\n?   image?: String | NullableStringFieldUpdateOperationsInput | Null,\n?   author?: String | NullableStringFieldUpdateOperationsInput | Null,\n?   points?: Int | IntFieldUpdateOperationsInput,\n?   relevanceScore?: Int | IntFieldUpdateOperationsInput,\n?   credibilityScore?: Int | IntFieldUpdateOperationsInput,\n?   createdAt?: DateTime | DateTimeFieldUpdateOperationsInput\n  }\n}\n\nUnknown argument `sentiment_score`. Available options are marked with ?.","service":"techpulse-backend","timestamp":"2026-05-04 21:15:21"}
{"level":"info","message":"🤖 Summarizing: Let's Buy Spirit Air","service":"techpulse-backend","timestamp":"2026-05-04 21:15:21"}
{"level":"warn","message":"⚠️ External API Error [404] for https://github-rss.vercel.app/repositories/daily","service":"techpulse-backend","timestamp":"2026-05-04 21:15:23"}
{"level":"error","message":"❌ Intelligence Worker Error for [Let's Buy Spirit Air]: \nInvalid `prisma.newsCache.update()` invocation:\n\n{\n  where: {\n    id: \"436231c7-bd6a-49c4-88e6-aacfa1681036\"\n  },\n  data: {\n    aiSummary: \"The potential acquisition of Spirit Air could significantly alter the airline industry's competitive landscape, potentially leading to changes in market share and consumer options. This development warrants close monitoring and analysis of its long-term implications for the industry.\",\n    impactCategory: \"MARKET ACQUISITION\",\n    sentiment_score: 70,\n    ~~~~~~~~~~~~~~~\n    impactHorizon: \"Short-term\",\n    tags: {\n      push: [\n        \"Airline Acquisition\",\n        \"Market Dynamics\",\n        \"Regulatory Compliance\",\n        \"Financial Analysis\",\n        \"Technical Feasibility\"\n      ]\n    },\n?   id?: String | StringFieldUpdateOperationsInput,\n?   title?: String | StringFieldUpdateOperationsInput,\n?   cleanTitle?: String | NullableStringFieldUpdateOperationsInput | Null,\n?   description?: String | NullableStringFieldUpdateOperationsInput | Null,\n?   url?: String | StringFieldUpdateOperationsInput,\n?   source?: String | StringFieldUpdateOperationsInput,\n?   image?: String | NullableStringFieldUpdateOperationsInput | Null,\n?   author?: String | NullableStringFieldUpdateOperationsInput | Null,\n?   points?: Int | IntFieldUpdateOperationsInput,\n?   relevanceScore?: Int | IntFieldUpdateOperationsInput,\n?   credibilityScore?: Int | IntFieldUpdateOperationsInput,\n?   createdAt?: DateTime | DateTimeFieldUpdateOperationsInput\n  }\n}\n\nUnknown argument `sentiment_score`. Available options are marked with ?.","service":"techpulse-backend","timestamp":"2026-05-04 21:15:24"}
{"level":"info","message":"🤖 Summarizing: Texico: Learn the principles of programming without even touching a computer","service":"techpulse-backend","timestamp":"2026-05-04 21:15:24"}
{"level":"error","message":"❌ Intelligence Worker Error for [Texico: Learn the principles of programming without even touching a computer]: \nInvalid `prisma.newsCache.update()` invocation:\n\n{\n  where: {\n    id: \"4716f229-2f5a-4813-8046-73de3334b6b2\"\n  },\n  data: {\n    aiSummary: \"Texico's innovative approach to programming education can increase accessibility and engagement, potentially leading to a more diverse and skilled programming workforce. This development may revolutionize the way programming is taught and learned, especially among younger generations.\",\n    impactCategory: \"PRODUCT LAUNCH\",\n    sentiment_score: 80,\n    ~~~~~~~~~~~~~~~\n    impactHorizon: \"Short-term\",\n    tags: {\n      push: [\n        \"Programming Education\",\n        \"Animated Learning\",\n        \"Core Programming Processes\",\n        \"Interactive Learning\",\n        \"Problem-Solving Skills\",\n        \"Logical Thinking\"\n      ]\n    },\n?   id?: String | StringFieldUpdateOperationsInput,\n?   title?: String | StringFieldUpdateOperationsInput,\n?   cleanTitle?: String | NullableStringFieldUpdateOperationsInput | Null,\n?   description?: String | NullableStringFieldUpdateOperationsInput | Null,\n?   url?: String | StringFieldUpdateOperationsInput,\n?   source?: String | StringFieldUpdateOperationsInput,\n?   image?: String | NullableStringFieldUpdateOperationsInput | Null,\n?   author?: String | NullableStringFieldUpdateOperationsInput | Null,\n?   points?: Int | IntFieldUpdateOperationsInput,\n?   relevanceScore?: Int | IntFieldUpdateOperationsInput,\n?   credibilityScore?: Int | IntFieldUpdateOperationsInput,\n?   createdAt?: DateTime | DateTimeFieldUpdateOperationsInput\n  }\n}\n\nUnknown argument `sentiment_score`. Available options are marked with ?.","service":"techpulse-backend","timestamp":"2026-05-04 21:15:30"}
{"level":"warn","message":"⚠️ External API Error [404] for https://github-rss.vercel.app/repositories/daily","service":"techpulse-backend","timestamp":"2026-05-04 21:17:32"}
{"level":"warn","message":"⚠️ External API Error [404] for https://github-rss.vercel.app/repositories/daily","service":"techpulse-backend","timestamp":"2026-05-04 21:17:42"}
{"level":"warn","message":"⚠️ External API Error [404] for https://github-rss.vercel.app/repositories/daily","service":"techpulse-backend","timestamp":"2026-05-04 21:18:54"}
{"level":"warn","message":"⚠️ External API Error [404] for https://github-rss.vercel.app/repositories/daily","service":"techpulse-backend","timestamp":"2026-05-04 21:19:15"}
{"level":"info","message":"🧠 Starting News Intelligence Worker...","service":"techpulse-backend","timestamp":"2026-05-04 21:20:00"}
{"level":"info","message":"🤖 Summarizing: DeepClaude – Claude Code agent loop with DeepSeek V4 Pro","service":"techpulse-backend","timestamp":"2026-05-04 21:20:00"}
{"level":"error","message":"❌ Intelligence Worker Error for [DeepClaude – Claude Code agent loop with DeepSeek V4 Pro]: \nInvalid `prisma.newsCache.update()` invocation:\n\n{\n  where: {\n    id: \"0323b3fd-cfbd-45bc-ac45-63e075811e1f\"\n  },\n  data: {\n    aiSummary: \"DeepClaude's integration with DeepSeek V4 Pro could significantly reduce coding costs for businesses, potentially increasing productivity by 30%. However, it may also lead to over-reliance on AI-powered coding tools, requiring careful monitoring of code quality.\",\n    impactCategory: \"AI BREAKTHROUGH\",\n    sentiment_score: 85,\n    ~~~~~~~~~~~~~~~\n    impactHorizon: \"Short-term\",\n    tags: {\n      push: [\n        \"DeepClaude\",\n        \"DeepSeek V4 Pro\",\n        \"Claude Code\",\n        \"Anthropic\",\n        \"OpenRouter\",\n        \"Fireworks AI\"\n      ]\n    },\n?   id?: String | StringFieldUpdateOperationsInput,\n?   title?: String | StringFieldUpdateOperationsInput,\n?   cleanTitle?: String | NullableStringFieldUpdateOperationsInput | Null,\n?   description?: String | NullableStringFieldUpdateOperationsInput | Null,\n?   url?: String | StringFieldUpdateOperationsInput,\n?   source?: String | StringFieldUpdateOperationsInput,\n?   image?: String | NullableStringFieldUpdateOperationsInput | Null,\n?   author?: String | NullableStringFieldUpdateOperationsInput | Null,\n?   points?: Int | IntFieldUpdateOperationsInput,\n?   relevanceScore?: Int | IntFieldUpdateOperationsInput,\n?   credibilityScore?: Int | IntFieldUpdateOperationsInput,\n?   createdAt?: DateTime | DateTimeFieldUpdateOperationsInput\n  }\n}\n\nUnknown argument `sentiment_score`. Available options are marked with ?.","service":"techpulse-backend","timestamp":"2026-05-04 21:20:03"}
{"level":"info","message":"🤖 Summarizing: Real Experts Teach","service":"techpulse-backend","timestamp":"2026-05-04 21:20:03"}
{"level":"error","message":"❌ Intelligence Worker Error for [Real Experts Teach]: \nInvalid `prisma.newsCache.update()` invocation:\n\n{\n  where: {\n    id: \"10961377-fc4e-405b-9a1c-aaf5f4223cd9\"\n  },\n  data: {\n    aiSummary: \"The development of teaching skills among technical experts has the potential to improve knowledge sharing and collaboration across organizations, leading to increased innovation and productivity. As technical professionals develop these skills, they will be better equipped to communicate complex ideas and drive business decisions.\",\n    impactCategory: \"AI BREAKTHROUGH\",\n    sentiment_score: 80,\n    ~~~~~~~~~~~~~~~\n    impactHorizon: \"Short-term\",\n    tags: {\n      push: [\n        \"Technical Leadership\",\n        \"Communication\",\n        \"Teaching\",\n        \"Empathy\",\n        \"Active Listening\",\n        \"Knowledge Sharing\"\n      ]\n    },\n?   id?: String | StringFieldUpdateOperationsInput,\n?   title?: String | StringFieldUpdateOperationsInput,\n?   cleanTitle?: String | NullableStringFieldUpdateOperationsInput | Null,\n?   description?: String | NullableStringFieldUpdateOperationsInput | Null,\n?   url?: String | StringFieldUpdateOperationsInput,\n?   source?: String | StringFieldUpdateOperationsInput,\n?   image?: String | NullableStringFieldUpdateOperationsInput | Null,\n?   author?: String | NullableStringFieldUpdateOperationsInput | Null,\n?   points?: Int | IntFieldUpdateOperationsInput,\n?   relevanceScore?: Int | IntFieldUpdateOperationsInput,\n?   credibilityScore?: Int | IntFieldUpdateOperationsInput,\n?   createdAt?: DateTime | DateTimeFieldUpdateOperationsInput\n  }\n}\n\nUnknown argument `sentiment_score`. Available options are marked with ?.","service":"techpulse-backend","timestamp":"2026-05-04 21:20:05"}
{"level":"info","message":"🤖 Summarizing: Bad Connection: Global telecom exploitation by covert surveillance actors","service":"techpulse-backend","timestamp":"2026-05-04 21:20:05"}
{"level":"error","message":"❌ Intelligence Worker Error for [Bad Connection: Global telecom exploitation by covert surveillance actors]: \nInvalid `prisma.newsCache.update()` invocation:\n\n{\n  where: {\n    id: \"14334913-12cc-4348-994c-70b6199ecfc7\"\n  },\n  data: {\n    aiSummary: \"The uncovering of global telecom exploitation by covert surveillance actors poses significant risks to individual privacy and national security, requiring immediate attention from regulators and the telecom industry. The long-term significance of this news lies in its potential to drive major reforms in the telecom sector and enhance surveillance regulations.\",\n    impactCategory: \"SECURITY VULNERABILITY\",\n    sentiment_score: 20,\n    ~~~~~~~~~~~~~~~\n    impactHorizon: \"Short-term\",\n    tags: {\n      push: [\n        \"Telecom Surveillance\",\n        \"Covert Location Tracking\",\n        \"Mobile Operator Networks\",\n        \"Signalling Protocols\",\n        \"Surveillance Tooling\",\n        \"Network Infrastructure\"\n      ]\n    },\n?   id?: String | StringFieldUpdateOperationsInput,\n?   title?: String | StringFieldUpdateOperationsInput,\n?   cleanTitle?: String | NullableStringFieldUpdateOperationsInput | Null,\n?   description?: String | NullableStringFieldUpdateOperationsInput | Null,\n?   url?: String | StringFieldUpdateOperationsInput,\n?   source?: String | StringFieldUpdateOperationsInput,\n?   image?: String | NullableStringFieldUpdateOperationsInput | Null,\n?   author?: String | NullableStringFieldUpdateOperationsInput | Null,\n?   points?: Int | IntFieldUpdateOperationsInput,\n?   relevanceScore?: Int | IntFieldUpdateOperationsInput,\n?   credibilityScore?: Int | IntFieldUpdateOperationsInput,\n?   createdAt?: DateTime | DateTimeFieldUpdateOperationsInput\n  }\n}\n\nUnknown argument `sentiment_score`. Available options are marked with ?.","service":"techpulse-backend","timestamp":"2026-05-04 21:20:08"}
{"level":"info","message":"🤖 Summarizing: Introduction to Atom","service":"techpulse-backend","timestamp":"2026-05-04 21:20:08"}
{"level":"error","message":"❌ Intelligence Worker Error for [Introduction to Atom]: \nInvalid `prisma.newsCache.update()` invocation:\n\n{\n  where: {\n    id: \"1f1fda10-2572-4279-a38f-7f66851acae6\"\n  },\n  data: {\n    aiSummary: \"The introduction of Atom has significant implications for the coding and development community, potentially streamlining workflows and improving productivity. As Atom continues to evolve, it may become a crucial tool for developers and programmers.\",\n    impactCategory: \"OPEN SOURCE\",\n    sentiment_score: 80,\n    ~~~~~~~~~~~~~~~\n    impactHorizon: \"Short-term\",\n    tags: {\n      push: [\n        \"Coding\",\n        \"Development\",\n        \"Customization\",\n        \"Extension\",\n        \"Integration\",\n        \"Productivity\"\n      ]\n    },\n?   id?: String | StringFieldUpdateOperationsInput,\n?   title?: String | StringFieldUpdateOperationsInput,\n?   cleanTitle?: String | NullableStringFieldUpdateOperationsInput | Null,\n?   description?: String | NullableStringFieldUpdateOperationsInput | Null,\n?   url?: String | StringFieldUpdateOperationsInput,\n?   source?: String | StringFieldUpdateOperationsInput,\n?   image?: String | NullableStringFieldUpdateOperationsInput | Null,\n?   author?: String | NullableStringFieldUpdateOperationsInput | Null,\n?   points?: Int | IntFieldUpdateOperationsInput,\n?   relevanceScore?: Int | IntFieldUpdateOperationsInput,\n?   credibilityScore?: Int | IntFieldUpdateOperationsInput,\n?   createdAt?: DateTime | DateTimeFieldUpdateOperationsInput\n  }\n}\n\nUnknown argument `sentiment_score`. Available options are marked with ?.","service":"techpulse-backend","timestamp":"2026-05-04 21:20:09"}
{"level":"info","message":"🤖 Summarizing: Show HN: One container. 4 cores. Hybrid search. 10k concurrent users?","service":"techpulse-backend","timestamp":"2026-05-04 21:20:09"}
{"level":"error","message":"❌ Intelligence Worker Error for [Show HN: One container. 4 cores. Hybrid search. 10k concurrent users?]: \nInvalid `prisma.newsCache.update()` invocation:\n\n{\n  where: {\n    id: \"294c96d6-6dc9-48df-96d6-5d87ca6e82f3\"\n  },\n  data: {\n    aiSummary: \"Amgix One's hybrid search capabilities and ease of deployment may simplify search system integration, potentially increasing adoption in various industries. However, its limitations in scalability may hinder its use in large-scale applications.\",\n    impactCategory: \"OPEN SOURCE\",\n    sentiment_score: 80,\n    ~~~~~~~~~~~~~~~\n    impactHorizon: \"Short-term\",\n    tags: {\n      push: [\n        \"Hybrid Search\",\n        \"Containerization\",\n        \"Distributed Search System\",\n        \"Locust Performance Testing\",\n        \"Amgix Server\",\n        \"Scalability\"\n      ]\n    },\n?   id?: String | StringFieldUpdateOperationsInput,\n?   title?: String | StringFieldUpdateOperationsInput,\n?   cleanTitle?: String | NullableStringFieldUpdateOperationsInput | Null,\n?   description?: String | NullableStringFieldUpdateOperationsInput | Null,\n?   url?: String | StringFieldUpdateOperationsInput,\n?   source?: String | StringFieldUpdateOperationsInput,\n?   image?: String | NullableStringFieldUpdateOperationsInput | Null,\n?   author?: String | NullableStringFieldUpdateOperationsInput | Null,\n?   points?: Int | IntFieldUpdateOperationsInput,\n?   relevanceScore?: Int | IntFieldUpdateOperationsInput,\n?   credibilityScore?: Int | IntFieldUpdateOperationsInput,\n?   createdAt?: DateTime | DateTimeFieldUpdateOperationsInput\n  }\n}\n\nUnknown argument `sentiment_score`. Available options are marked with ?.","service":"techpulse-backend","timestamp":"2026-05-04 21:20:13"}
{"level":"info","message":"🤖 Summarizing: Seeking maintainers for our OCaml SIP server, gRPC, and HTTP/2 libraries","service":"techpulse-backend","timestamp":"2026-05-04 21:20:13"}
{"level":"error","message":"❌ Intelligence Worker Error for [Seeking maintainers for our OCaml SIP server, gRPC, and HTTP/2 libraries]: \nInvalid `prisma.newsCache.update()` invocation:\n\n{\n  where: {\n    id: \"39ae9972-e918-4abd-93f4-def1e3ff2343\"\n  },\n  data: {\n    aiSummary: \"The donation of OCaml libraries may enhance the ecosystem's growth by reducing maintenance burdens on individual teams. However, the transition to Rust for the service indicates a potential shift in industry preferences for easier maintenance.\",\n    impactCategory: \"OPEN SOURCE\",\n    sentiment_score: 60,\n    ~~~~~~~~~~~~~~~\n    impactHorizon: \"Short-term\",\n    tags: {\n      push: [\n        \"OCaml\",\n        \"gRPC\",\n        \"HTTP/2\",\n        \"SIP server\",\n        \"Rust\",\n        \"eio\"\n      ]\n    },\n?   id?: String | StringFieldUpdateOperationsInput,\n?   title?: String | StringFieldUpdateOperationsInput,\n?   cleanTitle?: String | NullableStringFieldUpdateOperationsInput | Null,\n?   description?: String | NullableStringFieldUpdateOperationsInput | Null,\n?   url?: String | StringFieldUpdateOperationsInput,\n?   source?: String | StringFieldUpdateOperationsInput,\n?   image?: String | NullableStringFieldUpdateOperationsInput | Null,\n?   author?: String | NullableStringFieldUpdateOperationsInput | Null,\n?   points?: Int | IntFieldUpdateOperationsInput,\n?   relevanceScore?: Int | IntFieldUpdateOperationsInput,\n?   credibilityScore?: Int | IntFieldUpdateOperationsInput,\n?   createdAt?: DateTime | DateTimeFieldUpdateOperationsInput\n  }\n}\n\nUnknown argument `sentiment_score`. Available options are marked with ?.","service":"techpulse-backend","timestamp":"2026-05-04 21:20:17"}
{"level":"info","message":"🤖 Summarizing: H2 General Expense Database [video]","service":"techpulse-backend","timestamp":"2026-05-04 21:20:17"}
{"level":"error","message":"❌ Intelligence Worker Error for [H2 General Expense Database [video]]: \nInvalid `prisma.newsCache.update()` invocation:\n\n{\n  where: {\n    id: \"3ba54433-8f81-4b06-912f-505eae29a64b\"\n  },\n  data: {\n    aiSummary: \"The Ajqvue database management system has the potential to streamline data management processes for businesses and individuals, increasing productivity and efficiency. Its open-source nature and extensive documentation make it an attractive option for those seeking a customizable and user-friendly database solution.\",\n    impactCategory: \"OPEN SOURCE\",\n    sentiment_score: 80,\n    ~~~~~~~~~~~~~~~\n    impactHorizon: \"Short-term\",\n    tags: {\n      push: [\n        \"Database Management\",\n        \"Open-Source Software\",\n        \"Data Entry\",\n        \"Data Editing\",\n        \"GNU GPL License\",\n        \"Plugin Tutorials\"\n      ]\n    },\n?   id?: String | StringFieldUpdateOperationsInput,\n?   title?: String | StringFieldUpdateOperationsInput,\n?   cleanTitle?: String | NullableStringFieldUpdateOperationsInput | Null,\n?   description?: String | NullableStringFieldUpdateOperationsInput | Null,\n?   url?: String | StringFieldUpdateOperationsInput,\n?   source?: String | StringFieldUpdateOperationsInput,\n?   image?: String | NullableStringFieldUpdateOperationsInput | Null,\n?   author?: String | NullableStringFieldUpdateOperationsInput | Null,\n?   points?: Int | IntFieldUpdateOperationsInput,\n?   relevanceScore?: Int | IntFieldUpdateOperationsInput,\n?   credibilityScore?: Int | IntFieldUpdateOperationsInput,\n?   createdAt?: DateTime | DateTimeFieldUpdateOperationsInput\n  }\n}\n\nUnknown argument `sentiment_score`. Available options are marked with ?.","service":"techpulse-backend","timestamp":"2026-05-04 21:20:19"}
{"level":"info","message":"🤖 Summarizing: How Everest has changed since Into Thin Air","service":"techpulse-backend","timestamp":"2026-05-04 21:20:19"}
{"level":"error","message":"❌ Intelligence Worker Error for [How Everest has changed since Into Thin Air]: \nInvalid `prisma.newsCache.update()` invocation:\n\n{\n  where: {\n    id: \"3eb92db9-904c-4a02-b759-360e44c9407e\"\n  },\n  data: {\n    aiSummary: \"The increased safety and Nepali dominance in Everest climbing will continue to shape the industry, with potential long-term benefits for climbers and local communities. However, challenges such as climate change and respectful treatment of Sherpas must be addressed to ensure sustainable development.\",\n    impactCategory: \"INFRASTRUCTURE\",\n    sentiment_score: 70,\n    ~~~~~~~~~~~~~~~\n    impactHorizon: \"Short-term\",\n    tags: {\n      push: [\n        \"Mountaineering\",\n        \"Everest Climbing\",\n        \"Guiding Technology\",\n        \"Nepali Guides\",\n        \"Khumbu Climbing Center\",\n        \"Climate Change\"\n      ]\n    },\n?   id?: String | StringFieldUpdateOperationsInput,\n?   title?: String | StringFieldUpdateOperationsInput,\n?   cleanTitle?: String | NullableStringFieldUpdateOperationsInput | Null,\n?   description?: String | NullableStringFieldUpdateOperationsInput | Null,\n?   url?: String | StringFieldUpdateOperationsInput,\n?   source?: String | StringFieldUpdateOperationsInput,\n?   image?: String | NullableStringFieldUpdateOperationsInput | Null,\n?   author?: String | NullableStringFieldUpdateOperationsInput | Null,\n?   points?: Int | IntFieldUpdateOperationsInput,\n?   relevanceScore?: Int | IntFieldUpdateOperationsInput,\n?   credibilityScore?: Int | IntFieldUpdateOperationsInput,\n?   createdAt?: DateTime | DateTimeFieldUpdateOperationsInput\n  }\n}\n\nUnknown argument `sentiment_score`. Available options are marked with ?.","service":"techpulse-backend","timestamp":"2026-05-04 21:20:22"}
{"level":"info","message":"🤖 Summarizing: Let's Buy Spirit Air","service":"techpulse-backend","timestamp":"2026-05-04 21:20:22"}
{"level":"error","message":"❌ Intelligence Worker Error for [Let's Buy Spirit Air]: 429 Rate limit reached for model `llama-3.3-70b-versatile` in organization `org_01kqjfsqcte6p80ztkvfx6ar0b` service tier `on_demand` on tokens per day (TPD): Limit 100000, Used 99678, Requested 798. Please try again in 6m51.264s. Need more tokens? Upgrade to Dev Tier today at https://console.groq.com/settings/billing","service":"techpulse-backend","timestamp":"2026-05-04 21:20:23"}
{"level":"info","message":"🤖 Summarizing: Texico: Learn the principles of programming without even touching a computer","service":"techpulse-backend","timestamp":"2026-05-04 21:20:23"}
{"level":"error","message":"❌ Intelligence Worker Error for [Texico: Learn the principles of programming without even touching a computer]: 429 Rate limit reached for model `llama-3.3-70b-versatile` in organization `org_01kqjfsqcte6p80ztkvfx6ar0b` service tier `on_demand` on tokens per day (TPD): Limit 100000, Used 99677, Requested 923. Please try again in 8m38.4s. Need more tokens? Upgrade to Dev Tier today at https://console.groq.com/settings/billing","service":"techpulse-backend","timestamp":"2026-05-04 21:20:24"}
{"level":"info","message":"🧠 Starting News Intelligence Worker...","service":"techpulse-backend","timestamp":"2026-05-04 21:25:00"}
{"level":"info","message":"🤖 Summarizing: DeepClaude – Claude Code agent loop with DeepSeek V4 Pro","service":"techpulse-backend","timestamp":"2026-05-04 21:25:01"}
{"level":"error","message":"❌ Intelligence Worker Error for [DeepClaude – Claude Code agent loop with DeepSeek V4 Pro]: 429 Rate limit reached for model `llama-3.3-70b-versatile` in organization `org_01kqjfsqcte6p80ztkvfx6ar0b` service tier `on_demand` on tokens per day (TPD): Limit 100000, Used 99355, Requested 2579. Please try again in 27m50.976s. Need more tokens? Upgrade to Dev Tier today at https://console.groq.com/settings/billing","service":"techpulse-backend","timestamp":"2026-05-04 21:25:03"}
{"level":"info","message":"🤖 Summarizing: Real Experts Teach","service":"techpulse-backend","timestamp":"2026-05-04 21:25:03"}
{"level":"error","message":"❌ Intelligence Worker Error for [Real Experts Teach]: 429 Rate limit reached for model `llama-3.3-70b-versatile` in organization `org_01kqjfsqcte6p80ztkvfx6ar0b` service tier `on_demand` on tokens per day (TPD): Limit 100000, Used 99354, Requested 2333. Please try again in 24m17.568s. Need more tokens? Upgrade to Dev Tier today at https://console.groq.com/settings/billing","service":"techpulse-backend","timestamp":"2026-05-04 21:25:04"}
{"level":"info","message":"🤖 Summarizing: Bad Connection: Global telecom exploitation by covert surveillance actors","service":"techpulse-backend","timestamp":"2026-05-04 21:25:04"}
{"level":"error","message":"❌ Intelligence Worker Error for [Bad Connection: Global telecom exploitation by covert surveillance actors]: 429 Rate limit reached for model `llama-3.3-70b-versatile` in organization `org_01kqjfsqcte6p80ztkvfx6ar0b` service tier `on_demand` on tokens per day (TPD): Limit 100000, Used 99352, Requested 2125. Please try again in 21m16.128s. Need more tokens? Upgrade to Dev Tier today at https://console.groq.com/settings/billing","service":"techpulse-backend","timestamp":"2026-05-04 21:25:05"}
{"level":"info","message":"🤖 Summarizing: Introduction to Atom","service":"techpulse-backend","timestamp":"2026-05-04 21:25:05"}
{"level":"error","message":"❌ Intelligence Worker Error for [Introduction to Atom]: 429 Rate limit reached for model `llama-3.3-70b-versatile` in organization `org_01kqjfsqcte6p80ztkvfx6ar0b` service tier `on_demand` on tokens per day (TPD): Limit 100000, Used 99351, Requested 794. Please try again in 2m5.279999999s. Need more tokens? Upgrade to Dev Tier today at https://console.groq.com/settings/billing","service":"techpulse-backend","timestamp":"2026-05-04 21:25:06"}
{"level":"info","message":"🤖 Summarizing: Show HN: One container. 4 cores. Hybrid search. 10k concurrent users?","service":"techpulse-backend","timestamp":"2026-05-04 21:25:06"}
{"level":"error","message":"❌ Intelligence Worker Error for [Show HN: One container. 4 cores. Hybrid search. 10k concurrent users?]: 429 Rate limit reached for model `llama-3.3-70b-versatile` in organization `org_01kqjfsqcte6p80ztkvfx6ar0b` service tier `on_demand` on tokens per day (TPD): Limit 100000, Used 99348, Requested 2640. Please try again in 28m37.631999999s. Need more tokens? Upgrade to Dev Tier today at https://console.groq.com/settings/billing","service":"techpulse-backend","timestamp":"2026-05-04 21:25:08"}
{"level":"info","message":"🤖 Summarizing: Seeking maintainers for our OCaml SIP server, gRPC, and HTTP/2 libraries","service":"techpulse-backend","timestamp":"2026-05-04 21:25:08"}
{"level":"error","message":"❌ Intelligence Worker Error for [Seeking maintainers for our OCaml SIP server, gRPC, and HTTP/2 libraries]: 429 Rate limit reached for model `llama-3.3-70b-versatile` in organization `org_01kqjfsqcte6p80ztkvfx6ar0b` service tier `on_demand` on tokens per day (TPD): Limit 100000, Used 99346, Requested 2129. Please try again in 21m14.399999999s. Need more tokens? Upgrade to Dev Tier today at https://console.groq.com/settings/billing","service":"techpulse-backend","timestamp":"2026-05-04 21:25:10"}
{"level":"info","message":"🤖 Summarizing: H2 General Expense Database [video]","service":"techpulse-backend","timestamp":"2026-05-04 21:25:10"}
{"level":"error","message":"❌ Intelligence Worker Error for [H2 General Expense Database [video]]: 429 Rate limit reached for model `llama-3.3-70b-versatile` in organization `org_01kqjfsqcte6p80ztkvfx6ar0b` service tier `on_demand` on tokens per day (TPD): Limit 100000, Used 99344, Requested 1093. Please try again in 6m17.568s. Need more tokens? Upgrade to Dev Tier today at https://console.groq.com/settings/billing","service":"techpulse-backend","timestamp":"2026-05-04 21:25:12"}
{"level":"info","message":"🤖 Summarizing: How Everest has changed since Into Thin Air","service":"techpulse-backend","timestamp":"2026-05-04 21:25:12"}
{"level":"error","message":"❌ Intelligence Worker Error for [How Everest has changed since Into Thin Air]: 429 Rate limit reached for model `llama-3.3-70b-versatile` in organization `org_01kqjfsqcte6p80ztkvfx6ar0b` service tier `on_demand` on tokens per day (TPD): Limit 100000, Used 99343, Requested 2434. Please try again in 25m35.328s. Need more tokens? Upgrade to Dev Tier today at https://console.groq.com/settings/billing","service":"techpulse-backend","timestamp":"2026-05-04 21:25:12"}
{"level":"info","message":"🤖 Summarizing: Let's Buy Spirit Air","service":"techpulse-backend","timestamp":"2026-05-04 21:25:12"}
{"level":"error","message":"❌ Intelligence Worker Error for [Let's Buy Spirit Air]: 429 Rate limit reached for model `llama-3.3-70b-versatile` in organization `org_01kqjfsqcte6p80ztkvfx6ar0b` service tier `on_demand` on tokens per day (TPD): Limit 100000, Used 99342, Requested 796. Please try again in 1m59.232s. Need more tokens? Upgrade to Dev Tier today at https://console.groq.com/settings/billing","service":"techpulse-backend","timestamp":"2026-05-04 21:25:14"}
{"level":"info","message":"🤖 Summarizing: Texico: Learn the principles of programming without even touching a computer","service":"techpulse-backend","timestamp":"2026-05-04 21:25:14"}
{"level":"error","message":"❌ Intelligence Worker Error for [Texico: Learn the principles of programming without even touching a computer]: 429 Rate limit reached for model `llama-3.3-70b-versatile` in organization `org_01kqjfsqcte6p80ztkvfx6ar0b` service tier `on_demand` on tokens per day (TPD): Limit 100000, Used 99341, Requested 923. Please try again in 3m48.096s. Need more tokens? Upgrade to Dev Tier today at https://console.groq.com/settings/billing","service":"techpulse-backend","timestamp":"2026-05-04 21:25:15"}
{"level":"info","message":"🧠 Starting News Intelligence Worker...","service":"techpulse-backend","timestamp":"2026-05-04 21:30:00"}
{"level":"info","message":"🤖 Summarizing: DeepClaude – Claude Code agent loop with DeepSeek V4 Pro","service":"techpulse-backend","timestamp":"2026-05-04 21:30:00"}
{"level":"error","message":"❌ Intelligence Worker Error for [DeepClaude – Claude Code agent loop with DeepSeek V4 Pro]: 429 Rate limit reached for model `llama-3.3-70b-versatile` in organization `org_01kqjfsqcte6p80ztkvfx6ar0b` service tier `on_demand` on tokens per day (TPD): Limit 100000, Used 99009, Requested 2212. Please try again in 17m34.944s. Need more tokens? Upgrade to Dev Tier today at https://console.groq.com/settings/billing","service":"techpulse-backend","timestamp":"2026-05-04 21:30:02"}
{"level":"info","message":"🤖 Summarizing: Real Experts Teach","service":"techpulse-backend","timestamp":"2026-05-04 21:30:02"}
{"level":"error","message":"❌ Intelligence Worker Error for [Real Experts Teach]: 429 Rate limit reached for model `llama-3.3-70b-versatile` in organization `org_01kqjfsqcte6p80ztkvfx6ar0b` service tier `on_demand` on tokens per day (TPD): Limit 100000, Used 99007, Requested 1966. Please try again in 14m0.672s. Need more tokens? Upgrade to Dev Tier today at https://console.groq.com/settings/billing","service":"techpulse-backend","timestamp":"2026-05-04 21:30:03"}
{"level":"info","message":"🤖 Summarizing: Bad Connection: Global telecom exploitation by covert surveillance actors","service":"techpulse-backend","timestamp":"2026-05-04 21:30:03"}
{"level":"error","message":"❌ Intelligence Worker Error for [Bad Connection: Global telecom exploitation by covert surveillance actors]: 429 Rate limit reached for model `llama-3.3-70b-versatile` in organization `org_01kqjfsqcte6p80ztkvfx6ar0b` service tier `on_demand` on tokens per day (TPD): Limit 100000, Used 99005, Requested 1760. Please try again in 11m0.959999999s. Need more tokens? Upgrade to Dev Tier today at https://console.groq.com/settings/billing","service":"techpulse-backend","timestamp":"2026-05-04 21:30:05"}
{"level":"info","message":"🤖 Summarizing: Introduction to Atom","service":"techpulse-backend","timestamp":"2026-05-04 21:30:05"}
{"level":"error","message":"❌ Intelligence Worker Error for [Introduction to Atom]: \nInvalid `prisma.newsCache.update()` invocation:\n\n{\n  where: {\n    id: \"1f1fda10-2572-4279-a38f-7f66851acae6\"\n  },\n  data: {\n    aiSummary: \"The introduction of Atom has significant implications for the coding and development community, potentially streamlining workflows and improving productivity. As Atom continues to evolve, it may become a crucial tool for developers and programmers.\",\n    impactCategory: \"OPEN SOURCE\",\n    sentiment_score: 80,\n    ~~~~~~~~~~~~~~~\n    impactHorizon: \"Short-term\",\n    tags: {\n      push: [\n        \"Coding\",\n        \"Development\",\n        \"Customization\",\n        \"Extension\",\n        \"Integration\",\n        \"Productivity\"\n      ]\n    },\n?   id?: String | StringFieldUpdateOperationsInput,\n?   title?: String | StringFieldUpdateOperationsInput,\n?   cleanTitle?: String | NullableStringFieldUpdateOperationsInput | Null,\n?   description?: String | NullableStringFieldUpdateOperationsInput | Null,\n?   url?: String | StringFieldUpdateOperationsInput,\n?   source?: String | StringFieldUpdateOperationsInput,\n?   image?: String | NullableStringFieldUpdateOperationsInput | Null,\n?   author?: String | NullableStringFieldUpdateOperationsInput | Null,\n?   points?: Int | IntFieldUpdateOperationsInput,\n?   relevanceScore?: Int | IntFieldUpdateOperationsInput,\n?   credibilityScore?: Int | IntFieldUpdateOperationsInput,\n?   createdAt?: DateTime | DateTimeFieldUpdateOperationsInput\n  }\n}\n\nUnknown argument `sentiment_score`. Available options are marked with ?.","service":"techpulse-backend","timestamp":"2026-05-04 21:30:07"}
{"level":"info","message":"🤖 Summarizing: Show HN: One container. 4 cores. Hybrid search. 10k concurrent users?","service":"techpulse-backend","timestamp":"2026-05-04 21:30:07"}
{"level":"error","message":"❌ Intelligence Worker Error for [Show HN: One container. 4 cores. Hybrid search. 10k concurrent users?]: 429 Rate limit reached for model `llama-3.3-70b-versatile` in organization `org_01kqjfsqcte6p80ztkvfx6ar0b` service tier `on_demand` on tokens per day (TPD): Limit 100000, Used 99647, Requested 2258. Please try again in 27m25.92s. Need more tokens? Upgrade to Dev Tier today at https://console.groq.com/settings/billing","service":"techpulse-backend","timestamp":"2026-05-04 21:30:09"}
{"level":"info","message":"🤖 Summarizing: Seeking maintainers for our OCaml SIP server, gRPC, and HTTP/2 libraries","service":"techpulse-backend","timestamp":"2026-05-04 21:30:09"}
{"level":"error","message":"❌ Intelligence Worker Error for [Seeking maintainers for our OCaml SIP server, gRPC, and HTTP/2 libraries]: 429 Rate limit reached for model `llama-3.3-70b-versatile` in organization `org_01kqjfsqcte6p80ztkvfx6ar0b` service tier `on_demand` on tokens per day (TPD): Limit 100000, Used 99644, Requested 1747. Please try again in 20m1.824s. Need more tokens? Upgrade to Dev Tier today at https://console.groq.com/settings/billing","service":"techpulse-backend","timestamp":"2026-05-04 21:30:11"}
{"level":"info","message":"🤖 Summarizing: H2 General Expense Database [video]","service":"techpulse-backend","timestamp":"2026-05-04 21:30:11"}
{"level":"error","message":"❌ Intelligence Worker Error for [H2 General Expense Database [video]]: 429 Rate limit reached for model `llama-3.3-70b-versatile` in organization `org_01kqjfsqcte6p80ztkvfx6ar0b` service tier `on_demand` on tokens per day (TPD): Limit 100000, Used 99643, Requested 946. Please try again in 8m28.896s. Need more tokens? Upgrade to Dev Tier today at https://console.groq.com/settings/billing","service":"techpulse-backend","timestamp":"2026-05-04 21:30:12"}
{"level":"info","message":"🤖 Summarizing: How Everest has changed since Into Thin Air","service":"techpulse-backend","timestamp":"2026-05-04 21:30:12"}
{"level":"error","message":"❌ Intelligence Worker Error for [How Everest has changed since Into Thin Air]: 429 Rate limit reached for model `llama-3.3-70b-versatile` in organization `org_01kqjfsqcte6p80ztkvfx6ar0b` service tier `on_demand` on tokens per day (TPD): Limit 100000, Used 99642, Requested 2052. Please try again in 24m23.616s. Need more tokens? Upgrade to Dev Tier today at https://console.groq.com/settings/billing","service":"techpulse-backend","timestamp":"2026-05-04 21:30:13"}
{"level":"info","message":"🤖 Summarizing: Let's Buy Spirit Air","service":"techpulse-backend","timestamp":"2026-05-04 21:30:13"}
{"level":"error","message":"❌ Intelligence Worker Error for [Let's Buy Spirit Air]: 429 Rate limit reached for model `llama-3.3-70b-versatile` in organization `org_01kqjfsqcte6p80ztkvfx6ar0b` service tier `on_demand` on tokens per day (TPD): Limit 100000, Used 99640, Requested 649. Please try again in 4m9.696s. Need more tokens? Upgrade to Dev Tier today at https://console.groq.com/settings/billing","service":"techpulse-backend","timestamp":"2026-05-04 21:30:15"}
{"level":"info","message":"🤖 Summarizing: Texico: Learn the principles of programming without even touching a computer","service":"techpulse-backend","timestamp":"2026-05-04 21:30:15"}
{"level":"error","message":"❌ Intelligence Worker Error for [Texico: Learn the principles of programming without even touching a computer]: 429 Rate limit reached for model `llama-3.3-70b-versatile` in organization `org_01kqjfsqcte6p80ztkvfx6ar0b` service tier `on_demand` on tokens per day (TPD): Limit 100000, Used 99639, Requested 759. Please try again in 5m43.872s. Need more tokens? Upgrade to Dev Tier today at https://console.groq.com/settings/billing","service":"techpulse-backend","timestamp":"2026-05-04 21:30:16"}
{"level":"info","message":"🚀 Secure TechPulse Orchestrator running on http://localhost:5000","service":"techpulse-backend","timestamp":"2026-05-04 21:32:09"}
{"code":"ECONNREFUSED","level":"warn","message":"⚠️ Redis not available. Running without cache:","service":"techpulse-backend","stack":"AggregateError [ECONNREFUSED]: \n    at internalConnectMultiple (node:net:1134:18)\n    at afterConnectMultiple (node:net:1715:7)","timestamp":"2026-05-04 21:32:09"}
{"level":"warn","message":"Redis connection failed. Caching disabled.","service":"techpulse-backend","timestamp":"2026-05-04 21:32:09"}
{"level":"info","message":"🚀 Secure TechPulse Orchestrator running on http://localhost:5000","service":"techpulse-backend","timestamp":"2026-05-04 21:32:19"}
{"code":"ECONNREFUSED","level":"warn","message":"⚠️ Redis not available. Running without cache:","service":"techpulse-backend","stack":"AggregateError [ECONNREFUSED]: \n    at internalConnectMultiple (node:net:1134:18)\n    at afterConnectMultiple (node:net:1715:7)","timestamp":"2026-05-04 21:32:19"}
{"level":"warn","message":"Redis connection failed. Caching disabled.","service":"techpulse-backend","timestamp":"2026-05-04 21:32:19"}
{"level":"warn","message":"⚠️ External API Error [404] for https://github-rss.vercel.app/repositories/daily","service":"techpulse-backend","timestamp":"2026-05-04 21:33:07"}
{"level":"info","message":"🧠 Starting News Intelligence Worker...","service":"techpulse-backend","timestamp":"2026-05-04 21:35:00"}
{"level":"info","message":"🤖 Summarizing: DeepClaude – Claude Code agent loop with DeepSeek V4 Pro","service":"techpulse-backend","timestamp":"2026-05-04 21:35:00"}
{"level":"error","message":"❌ Intelligence Worker Error for [DeepClaude – Claude Code agent loop with DeepSeek V4 Pro]: 429 Rate limit reached for model `llama-3.3-70b-versatile` in organization `org_01kqjfsqcte6p80ztkvfx6ar0b` service tier `on_demand` on tokens per day (TPD): Limit 100000, Used 99308, Requested 2430. Please try again in 25m1.632s. Need more tokens? Upgrade to Dev Tier today at https://console.groq.com/settings/billing","service":"techpulse-backend","timestamp":"2026-05-04 21:35:02"}
{"level":"info","message":"🤖 Summarizing: Real Experts Teach","service":"techpulse-backend","timestamp":"2026-05-04 21:35:02"}
{"level":"error","message":"❌ Intelligence Worker Error for [Real Experts Teach]: 429 Rate limit reached for model `llama-3.3-70b-versatile` in organization `org_01kqjfsqcte6p80ztkvfx6ar0b` service tier `on_demand` on tokens per day (TPD): Limit 100000, Used 99308, Requested 2184. Please try again in 21m29.088s. Need more tokens? Upgrade to Dev Tier today at https://console.groq.com/settings/billing","service":"techpulse-backend","timestamp":"2026-05-04 21:35:02"}
{"level":"info","message":"🤖 Summarizing: Bad Connection: Global telecom exploitation by covert surveillance actors","service":"techpulse-backend","timestamp":"2026-05-04 21:35:02"}
{"level":"error","message":"❌ Intelligence Worker Error for [Bad Connection: Global telecom exploitation by covert surveillance actors]: 429 Rate limit reached for model `llama-3.3-70b-versatile` in organization `org_01kqjfsqcte6p80ztkvfx6ar0b` service tier `on_demand` on tokens per day (TPD): Limit 100000, Used 99306, Requested 1978. Please try again in 18m29.376s. Need more tokens? Upgrade to Dev Tier today at https://console.groq.com/settings/billing","service":"techpulse-backend","timestamp":"2026-05-04 21:35:04"}
{"level":"info","message":"🤖 Summarizing: Introduction to Atom","service":"techpulse-backend","timestamp":"2026-05-04 21:35:04"}
{"level":"error","message":"❌ Intelligence Worker Error for [Introduction to Atom]: \nInvalid `prisma.newsCache.update()` invocation:\n\n{\n  where: {\n    id: \"1f1fda10-2572-4279-a38f-7f66851acae6\"\n  },\n  data: {\n    aiSummary: \"The introduction of Atom has significant implications for the coding and development community, potentially streamlining workflows and improving productivity. As Atom continues to evolve, it may become a crucial tool for developers and programmers.\",\n    impactCategory: \"OPEN SOURCE\",\n    sentiment_score: 80,\n    ~~~~~~~~~~~~~~~\n    impactHorizon: \"Short-term\",\n    tags: {\n      push: [\n        \"Atom\",\n        \"Coding\",\n        \"Development\",\n        \"Customization\",\n        \"Extensions\",\n        \"Productivity\"\n      ]\n    },\n?   id?: String | StringFieldUpdateOperationsInput,\n?   title?: String | StringFieldUpdateOperationsInput,\n?   cleanTitle?: String | NullableStringFieldUpdateOperationsInput | Null,\n?   description?: String | NullableStringFieldUpdateOperationsInput | Null,\n?   url?: String | StringFieldUpdateOperationsInput,\n?   source?: String | StringFieldUpdateOperationsInput,\n?   image?: String | NullableStringFieldUpdateOperationsInput | Null,\n?   author?: String | NullableStringFieldUpdateOperationsInput | Null,\n?   points?: Int | IntFieldUpdateOperationsInput,\n?   relevanceScore?: Int | IntFieldUpdateOperationsInput,\n?   credibilityScore?: Int | IntFieldUpdateOperationsInput,\n?   createdAt?: DateTime | DateTimeFieldUpdateOperationsInput\n  }\n}\n\nUnknown argument `sentiment_score`. Available options are marked with ?.","service":"techpulse-backend","timestamp":"2026-05-04 21:35:05"}
{"level":"info","message":"🤖 Summarizing: Show HN: One container. 4 cores. Hybrid search. 10k concurrent users?","service":"techpulse-backend","timestamp":"2026-05-04 21:35:05"}
{"level":"error","message":"❌ Intelligence Worker Error for [Show HN: One container. 4 cores. Hybrid search. 10k concurrent users?]: 429 Rate limit reached for model `llama-3.3-70b-versatile` in organization `org_01kqjfsqcte6p80ztkvfx6ar0b` service tier `on_demand` on tokens per day (TPD): Limit 100000, Used 99946, Requested 2476. Please try again in 34m52.607999999s. Need more tokens? Upgrade to Dev Tier today at https://console.groq.com/settings/billing","service":"techpulse-backend","timestamp":"2026-05-04 21:35:07"}
{"level":"info","message":"🤖 Summarizing: Seeking maintainers for our OCaml SIP server, gRPC, and HTTP/2 libraries","service":"techpulse-backend","timestamp":"2026-05-04 21:35:07"}
{"level":"error","message":"❌ Intelligence Worker Error for [Seeking maintainers for our OCaml SIP server, gRPC, and HTTP/2 libraries]: 429 Rate limit reached for model `llama-3.3-70b-versatile` in organization `org_01kqjfsqcte6p80ztkvfx6ar0b` service tier `on_demand` on tokens per day (TPD): Limit 100000, Used 99943, Requested 1747. Please try again in 24m20.159999999s. Need more tokens? Upgrade to Dev Tier today at https://console.groq.com/settings/billing","service":"techpulse-backend","timestamp":"2026-05-04 21:35:09"}
{"level":"info","message":"🤖 Summarizing: H2 General Expense Database [video]","service":"techpulse-backend","timestamp":"2026-05-04 21:35:09"}
{"level":"error","message":"❌ Intelligence Worker Error for [H2 General Expense Database [video]]: 429 Rate limit reached for model `llama-3.3-70b-versatile` in organization `org_01kqjfsqcte6p80ztkvfx6ar0b` service tier `on_demand` on tokens per day (TPD): Limit 100000, Used 99942, Requested 946. Please try again in 12m47.232s. Need more tokens? Upgrade to Dev Tier today at https://console.groq.com/settings/billing","service":"techpulse-backend","timestamp":"2026-05-04 21:35:10"}
{"level":"info","message":"🤖 Summarizing: How Everest has changed since Into Thin Air","service":"techpulse-backend","timestamp":"2026-05-04 21:35:10"}
{"level":"error","message":"❌ Intelligence Worker Error for [How Everest has changed since Into Thin Air]: 429 Rate limit reached for model `llama-3.3-70b-versatile` in organization `org_01kqjfsqcte6p80ztkvfx6ar0b` service tier `on_demand` on tokens per day (TPD): Limit 100000, Used 99941, Requested 2052. Please try again in 28m41.952s. Need more tokens? Upgrade to Dev Tier today at https://console.groq.com/settings/billing","service":"techpulse-backend","timestamp":"2026-05-04 21:35:11"}
{"level":"info","message":"🤖 Summarizing: Let's Buy Spirit Air","service":"techpulse-backend","timestamp":"2026-05-04 21:35:11"}
{"level":"error","message":"❌ Intelligence Worker Error for [Let's Buy Spirit Air]: 429 Rate limit reached for model `llama-3.3-70b-versatile` in organization `org_01kqjfsqcte6p80ztkvfx6ar0b` service tier `on_demand` on tokens per day (TPD): Limit 100000, Used 99939, Requested 431. Please try again in 5m19.68s. Need more tokens? Upgrade to Dev Tier today at https://console.groq.com/settings/billing","service":"techpulse-backend","timestamp":"2026-05-04 21:35:13"}
{"level":"info","message":"🤖 Summarizing: Texico: Learn the principles of programming without even touching a computer","service":"techpulse-backend","timestamp":"2026-05-04 21:35:13"}
{"level":"error","message":"❌ Intelligence Worker Error for [Texico: Learn the principles of programming without even touching a computer]: 429 Rate limit reached for model `llama-3.3-70b-versatile` in organization `org_01kqjfsqcte6p80ztkvfx6ar0b` service tier `on_demand` on tokens per day (TPD): Limit 100000, Used 99938, Requested 541. Please try again in 6m53.856s. Need more tokens? Upgrade to Dev Tier today at https://console.groq.com/settings/billing","service":"techpulse-backend","timestamp":"2026-05-04 21:35:14"}
{"level":"info","message":"🚀 Secure TechPulse Orchestrator running on http://localhost:5000","service":"techpulse-backend","timestamp":"2026-05-04 21:35:26"}
{"code":"ECONNREFUSED","level":"warn","message":"⚠️ Redis not available. Running without cache:","service":"techpulse-backend","stack":"AggregateError [ECONNREFUSED]: \n    at internalConnectMultiple (node:net:1134:18)\n    at afterConnectMultiple (node:net:1715:7)","timestamp":"2026-05-04 21:35:26"}
{"level":"warn","message":"Redis connection failed. Caching disabled.","service":"techpulse-backend","timestamp":"2026-05-04 21:35:26"}
{"level":"info","message":"🚀 Secure TechPulse Orchestrator running on http://localhost:5000","service":"techpulse-backend","timestamp":"2026-05-04 21:35:36"}
{"code":"ECONNREFUSED","level":"warn","message":"⚠️ Redis not available. Running without cache:","service":"techpulse-backend","stack":"AggregateError [ECONNREFUSED]: \n    at internalConnectMultiple (node:net:1134:18)\n    at afterConnectMultiple (node:net:1715:7)","timestamp":"2026-05-04 21:35:36"}
{"level":"warn","message":"Redis connection failed. Caching disabled.","service":"techpulse-backend","timestamp":"2026-05-04 21:35:36"}
{"level":"info","message":"🚀 Secure TechPulse Orchestrator running on http://localhost:5000","service":"techpulse-backend","timestamp":"2026-05-04 21:35:45"}
{"code":"ECONNREFUSED","level":"warn","message":"⚠️ Redis not available. Running without cache:","service":"techpulse-backend","stack":"AggregateError [ECONNREFUSED]: \n    at internalConnectMultiple (node:net:1134:18)\n    at afterConnectMultiple (node:net:1715:7)","timestamp":"2026-05-04 21:35:45"}
{"level":"warn","message":"Redis connection failed. Caching disabled.","service":"techpulse-backend","timestamp":"2026-05-04 21:35:45"}
{"level":"info","message":"🚀 Secure TechPulse Orchestrator running on http://localhost:5000","service":"techpulse-backend","timestamp":"2026-05-04 21:35:53"}
{"code":"ECONNREFUSED","level":"warn","message":"⚠️ Redis not available. Running without cache:","service":"techpulse-backend","stack":"AggregateError [ECONNREFUSED]: \n    at internalConnectMultiple (node:net:1134:18)\n    at afterConnectMultiple (node:net:1715:7)","timestamp":"2026-05-04 21:35:53"}
{"level":"warn","message":"Redis connection failed. Caching disabled.","service":"techpulse-backend","timestamp":"2026-05-04 21:35:53"}
{"level":"warn","message":"⚠️ External API Error [404] for https://github-rss.vercel.app/repositories/daily","service":"techpulse-backend","timestamp":"2026-05-04 21:36:04"}
{"level":"warn","message":"⚠️ External API Error [404] for https://github-rss.vercel.app/repositories/daily","service":"techpulse-backend","timestamp":"2026-05-04 21:36:44"}
{"level":"warn","message":"⚠️ External API Error [404] for https://github-rss.vercel.app/repositories/daily","service":"techpulse-backend","timestamp":"2026-05-04 21:39:29"}
{"level":"info","message":"🧠 Starting News Intelligence Worker...","service":"techpulse-backend","timestamp":"2026-05-04 21:40:00"}
{"level":"info","message":"🤖 Summarizing: DeepClaude – Claude Code agent loop with DeepSeek V4 Pro","service":"techpulse-backend","timestamp":"2026-05-04 21:40:00"}
{"level":"error","message":"❌ Intelligence Worker Error for [DeepClaude – Claude Code agent loop with DeepSeek V4 Pro]: 429 Rate limit reached for model `llama-3.3-70b-versatile` in organization `org_01kqjfsqcte6p80ztkvfx6ar0b` service tier `on_demand` on tokens per day (TPD): Limit 100000, Used 99604, Requested 2212. Please try again in 26m9.024s. Need more tokens? Upgrade to Dev Tier today at https://console.groq.com/settings/billing","service":"techpulse-backend","timestamp":"2026-05-04 21:40:02"}
{"level":"info","message":"🤖 Summarizing: Real Experts Teach","service":"techpulse-backend","timestamp":"2026-05-04 21:40:02"}
{"level":"error","message":"❌ Intelligence Worker Error for [Real Experts Teach]: 429 Rate limit reached for model `llama-3.3-70b-versatile` in organization `org_01kqjfsqcte6p80ztkvfx6ar0b` service tier `on_demand` on tokens per day (TPD): Limit 100000, Used 99603, Requested 2184. Please try again in 25m43.968s. Need more tokens? Upgrade to Dev Tier today at https://console.groq.com/settings/billing","service":"techpulse-backend","timestamp":"2026-05-04 21:40:03"}
{"level":"info","message":"🤖 Summarizing: Bad Connection: Global telecom exploitation by covert surveillance actors","service":"techpulse-backend","timestamp":"2026-05-04 21:40:03"}
{"level":"error","message":"❌ Intelligence Worker Error for [Bad Connection: Global telecom exploitation by covert surveillance actors]: 429 Rate limit reached for model `llama-3.3-70b-versatile` in organization `org_01kqjfsqcte6p80ztkvfx6ar0b` service tier `on_demand` on tokens per day (TPD): Limit 100000, Used 99601, Requested 1760. Please try again in 19m35.904s. Need more tokens? Upgrade to Dev Tier today at https://console.groq.com/settings/billing","service":"techpulse-backend","timestamp":"2026-05-04 21:40:05"}
{"level":"info","message":"🤖 Summarizing: Introduction to Atom","service":"techpulse-backend","timestamp":"2026-05-04 21:40:05"}
{"level":"error","message":"❌ Intelligence Worker Error for [Introduction to Atom]: 429 Rate limit reached for model `llama-3.3-70b-versatile` in organization `org_01kqjfsqcte6p80ztkvfx6ar0b` service tier `on_demand` on tokens per day (TPD): Limit 100000, Used 99572, Requested 645. Please try again in 3m7.488s. Need more tokens? Upgrade to Dev Tier today at https://console.groq.com/settings/billing","service":"techpulse-backend","timestamp":"2026-05-04 21:40:29"}
{"level":"info","message":"🤖 Summarizing: Show HN: One container. 4 cores. Hybrid search. 10k concurrent users?","service":"techpulse-backend","timestamp":"2026-05-04 21:40:29"}
{"level":"error","message":"❌ Intelligence Worker Error for [Show HN: One container. 4 cores. Hybrid search. 10k concurrent users?]: 429 Rate limit reached for model `llama-3.3-70b-versatile` in organization `org_01kqjfsqcte6p80ztkvfx6ar0b` service tier `on_demand` on tokens per day (TPD): Limit 100000, Used 99570, Requested 2258. Please try again in 26m19.392s. Need more tokens? Upgrade to Dev Tier today at https://console.groq.com/settings/billing","service":"techpulse-backend","timestamp":"2026-05-04 21:40:31"}
{"level":"info","message":"🤖 Summarizing: Seeking maintainers for our OCaml SIP server, gRPC, and HTTP/2 libraries","service":"techpulse-backend","timestamp":"2026-05-04 21:40:31"}
{"level":"error","message":"❌ Intelligence Worker Error for [Seeking maintainers for our OCaml SIP server, gRPC, and HTTP/2 libraries]: 429 Rate limit reached for model `llama-3.3-70b-versatile` in organization `org_01kqjfsqcte6p80ztkvfx6ar0b` service tier `on_demand` on tokens per day (TPD): Limit 100000, Used 99567, Requested 1965. Please try again in 22m3.648s. Need more tokens? Upgrade to Dev Tier today at https://console.groq.com/settings/billing","service":"techpulse-backend","timestamp":"2026-05-04 21:40:34"}
{"level":"info","message":"🤖 Summarizing: H2 General Expense Database [video]","service":"techpulse-backend","timestamp":"2026-05-04 21:40:34"}
{"level":"error","message":"❌ Intelligence Worker Error for [H2 General Expense Database [video]]: 429 Rate limit reached for model `llama-3.3-70b-versatile` in organization `org_01kqjfsqcte6p80ztkvfx6ar0b` service tier `on_demand` on tokens per day (TPD): Limit 100000, Used 99566, Requested 728. Please try again in 4m14.016s. Need more tokens? Upgrade to Dev Tier today at https://console.groq.com/settings/billing","service":"techpulse-backend","timestamp":"2026-05-04 21:40:35"}
{"level":"info","message":"🤖 Summarizing: How Everest has changed since Into Thin Air","service":"techpulse-backend","timestamp":"2026-05-04 21:40:35"}
{"level":"error","message":"❌ Intelligence Worker Error for [How Everest has changed since Into Thin Air]: 429 Rate limit reached for model `llama-3.3-70b-versatile` in organization `org_01kqjfsqcte6p80ztkvfx6ar0b` service tier `on_demand` on tokens per day (TPD): Limit 100000, Used 99564, Requested 2052. Please try again in 23m16.224s. Need more tokens? Upgrade to Dev Tier today at https://console.groq.com/settings/billing","service":"techpulse-backend","timestamp":"2026-05-04 21:40:36"}
{"level":"info","message":"🤖 Summarizing: Let's Buy Spirit Air","service":"techpulse-backend","timestamp":"2026-05-04 21:40:36"}
{"level":"info","message":"🤖 Summarizing: Texico: Learn the principles of programming without even touching a computer","service":"techpulse-backend","timestamp":"2026-05-04 21:40:39"}
{"level":"error","message":"❌ Intelligence Worker Error for [Texico: Learn the principles of programming without even touching a computer]: 429 Rate limit reached for model `llama-3.3-70b-versatile` in organization `org_01kqjfsqcte6p80ztkvfx6ar0b` service tier `on_demand` on tokens per day (TPD): Limit 100000, Used 99999, Requested 541. Please try again in 7m46.56s. Need more tokens? Upgrade to Dev Tier today at https://console.groq.com/settings/billing","service":"techpulse-backend","timestamp":"2026-05-04 21:40:39"}
{"level":"info","message":"🚀 Secure TechPulse Orchestrator running on http://localhost:5000","service":"techpulse-backend","timestamp":"2026-05-04 21:41:39"}
{"code":"ECONNREFUSED","level":"warn","message":"⚠️ Redis not available. Running without cache:","service":"techpulse-backend","stack":"AggregateError [ECONNREFUSED]: \n    at internalConnectMultiple (node:net:1134:18)\n    at afterConnectMultiple (node:net:1715:7)","timestamp":"2026-05-04 21:41:39"}
{"level":"warn","message":"Redis connection failed. Caching disabled.","service":"techpulse-backend","timestamp":"2026-05-04 21:41:39"}
{"level":"warn","message":"⚠️ External API Error [404] for https://github-rss.vercel.app/repositories/daily","service":"techpulse-backend","timestamp":"2026-05-04 21:41:48"}
{"level":"info","message":"🚀 Secure TechPulse Orchestrator running on http://localhost:5000","service":"techpulse-backend","timestamp":"2026-05-04 21:43:30"}
{"code":"ECONNREFUSED","level":"warn","message":"⚠️ Redis not available. Running without cache:","service":"techpulse-backend","stack":"AggregateError [ECONNREFUSED]: \n    at internalConnectMultiple (node:net:1134:18)\n    at afterConnectMultiple (node:net:1715:7)","timestamp":"2026-05-04 21:43:30"}
{"level":"warn","message":"Redis connection failed. Caching disabled.","service":"techpulse-backend","timestamp":"2026-05-04 21:43:30"}
{"level":"info","message":"🚀 Secure TechPulse Orchestrator running on http://localhost:5000","service":"techpulse-backend","timestamp":"2026-05-04 21:43:42"}
{"code":"ECONNREFUSED","level":"warn","message":"⚠️ Redis not available. Running without cache:","service":"techpulse-backend","stack":"AggregateError [ECONNREFUSED]: \n    at internalConnectMultiple (node:net:1134:18)\n    at afterConnectMultiple (node:net:1715:7)","timestamp":"2026-05-04 21:43:42"}
{"level":"warn","message":"Redis connection failed. Caching disabled.","service":"techpulse-backend","timestamp":"2026-05-04 21:43:42"}
{"level":"warn","message":"⚠️ External API Error [404] for https://github-rss.vercel.app/repositories/daily","service":"techpulse-backend","timestamp":"2026-05-04 21:43:51"}
{"level":"warn","message":"⚠️ External API Error [404] for https://github-rss.vercel.app/repositories/daily","service":"techpulse-backend","timestamp":"2026-05-04 21:44:50"}
{"level":"info","message":"🧠 Starting News Intelligence Worker...","service":"techpulse-backend","timestamp":"2026-05-04 21:45:00"}
{"level":"info","message":"🤖 Summarizing: DeepClaude – Claude Code agent loop with DeepSeek V4 Pro","service":"techpulse-backend","timestamp":"2026-05-04 21:45:00"}
{"level":"info","message":"🤖 Summarizing: Real Experts Teach","service":"techpulse-backend","timestamp":"2026-05-04 21:45:01"}
{"level":"info","message":"🤖 Summarizing: Bad Connection: Global telecom exploitation by covert surveillance actors","service":"techpulse-backend","timestamp":"2026-05-04 21:45:03"}
{"level":"info","message":"🤖 Summarizing: Introduction to Atom","service":"techpulse-backend","timestamp":"2026-05-04 21:45:05"}
{"level":"info","message":"🤖 Summarizing: Show HN: One container. 4 cores. Hybrid search. 10k concurrent users?","service":"techpulse-backend","timestamp":"2026-05-04 21:45:06"}
{"level":"info","message":"🤖 Summarizing: Seeking maintainers for our OCaml SIP server, gRPC, and HTTP/2 libraries","service":"techpulse-backend","timestamp":"2026-05-04 21:45:10"}
{"level":"info","message":"🤖 Summarizing: H2 General Expense Database [video]","service":"techpulse-backend","timestamp":"2026-05-04 21:45:15"}
{"level":"info","message":"🤖 Summarizing: How Everest has changed since Into Thin Air","service":"techpulse-backend","timestamp":"2026-05-04 21:45:17"}
{"level":"info","message":"🤖 Summarizing: Texico: Learn the principles of programming without even touching a computer","service":"techpulse-backend","timestamp":"2026-05-04 21:45:25"}
{"level":"info","message":"🤖 Summarizing: Automatic Enum Handling in C – Parsing, Validating and Iterating","service":"techpulse-backend","timestamp":"2026-05-04 21:45:29"}
{"level":"warn","message":"⚠️ External API Error [404] for https://github-rss.vercel.app/repositories/daily","service":"techpulse-backend","timestamp":"2026-05-04 21:48:47"}
{"level":"info","message":"🧠 Starting News Intelligence Worker...","service":"techpulse-backend","timestamp":"2026-05-04 21:50:00"}
{"level":"info","message":"🤖 Summarizing: Hallucination Is Inevitable: An Innate Limitation of Large Language Models","service":"techpulse-backend","timestamp":"2026-05-04 21:50:00"}
{"level":"info","message":"🤖 Summarizing: I built ~70 free visual editors that run in the browser","service":"techpulse-backend","timestamp":"2026-05-04 21:50:01"}
{"level":"info","message":"🤖 Summarizing: HTTPS: The Three Guarantees and the Handshake Beneath","service":"techpulse-backend","timestamp":"2026-05-04 21:50:04"}
{"level":"info","message":"🤖 Summarizing: K3sup – bootstrap K3s over SSH in < 60s","service":"techpulse-backend","timestamp":"2026-05-04 21:50:06"}
{"level":"info","message":"🤖 Summarizing: `Bun.Image` – fast builtin multi-format image processing library","service":"techpulse-backend","timestamp":"2026-05-04 21:50:08"}
{"level":"info","message":"🤖 Summarizing: A desktop made for one","service":"techpulse-backend","timestamp":"2026-05-04 21:50:18"}
{"level":"info","message":"🤖 Summarizing: Talking to 35 Strangers at the Gym","service":"techpulse-backend","timestamp":"2026-05-04 21:50:31"}
{"level":"info","message":"🤖 Summarizing: Mercedes-Benz commits to bringing back physical buttons","service":"techpulse-backend","timestamp":"2026-05-04 21:50:38"}
{"level":"info","message":"🤖 Summarizing: Someone allegedly used a hairdryer to rig Polymarket weather bets","service":"techpulse-backend","timestamp":"2026-05-04 21:50:40"}
{"level":"info","message":"🤖 Summarizing: BYOMesh – New LoRa mesh radio offers 100x the bandwidth","service":"techpulse-backend","timestamp":"2026-05-04 21:50:42"}
{"level":"error","message":"❌ Intelligence Worker Error for [BYOMesh – New LoRa mesh radio offers 100x the bandwidth]: Insufficient signal content for strategic synthesis.","service":"techpulse-backend","timestamp":"2026-05-04 21:50:47"}
{"level":"info","message":"🚀 Secure TechPulse Orchestrator running on http://localhost:5000","service":"techpulse-backend","timestamp":"2026-05-04 21:51:28"}
{"code":"ECONNREFUSED","level":"warn","message":"⚠️ Redis not available. Running without cache:","service":"techpulse-backend","stack":"AggregateError [ECONNREFUSED]: \n    at internalConnectMultiple (node:net:1134:18)\n    at afterConnectMultiple (node:net:1715:7)","timestamp":"2026-05-04 21:51:28"}
{"level":"warn","message":"Redis connection failed. Caching disabled.","service":"techpulse-backend","timestamp":"2026-05-04 21:51:28"}
{"level":"info","message":"🚀 Secure TechPulse Orchestrator running on http://localhost:5000","service":"techpulse-backend","timestamp":"2026-05-04 21:51:43"}
{"code":"ECONNREFUSED","level":"warn","message":"⚠️ Redis not available. Running without cache:","service":"techpulse-backend","stack":"AggregateError [ECONNREFUSED]: \n    at internalConnectMultiple (node:net:1134:18)\n    at afterConnectMultiple (node:net:1715:7)","timestamp":"2026-05-04 21:51:43"}
{"level":"warn","message":"Redis connection failed. Caching disabled.","service":"techpulse-backend","timestamp":"2026-05-04 21:51:43"}
{"level":"info","message":"🚀 Secure TechPulse Orchestrator running on http://localhost:5000","service":"techpulse-backend","timestamp":"2026-05-04 21:52:27"}
{"code":"ECONNREFUSED","level":"warn","message":"⚠️ Redis not available. Running without cache:","service":"techpulse-backend","stack":"AggregateError [ECONNREFUSED]: \n    at internalConnectMultiple (node:net:1134:18)\n    at afterConnectMultiple (node:net:1715:7)","timestamp":"2026-05-04 21:52:27"}
{"level":"warn","message":"Redis connection failed. Caching disabled.","service":"techpulse-backend","timestamp":"2026-05-04 21:52:27"}
{"level":"info","message":"🚀 Secure TechPulse Orchestrator running on http://localhost:5000","service":"techpulse-backend","timestamp":"2026-05-04 21:54:26"}
{"code":"ECONNREFUSED","level":"warn","message":"⚠️ Redis not available. Running without cache:","service":"techpulse-backend","stack":"AggregateError [ECONNREFUSED]: \n    at internalConnectMultiple (node:net:1134:18)\n    at afterConnectMultiple (node:net:1715:7)","timestamp":"2026-05-04 21:54:26"}
{"level":"warn","message":"Redis connection failed. Caching disabled.","service":"techpulse-backend","timestamp":"2026-05-04 21:54:26"}
{"level":"info","message":"🚀 Secure TechPulse Orchestrator running on http://localhost:5000","service":"techpulse-backend","timestamp":"2026-05-04 21:54:44"}
{"code":"ECONNREFUSED","level":"warn","message":"⚠️ Redis not available. Running without cache:","service":"techpulse-backend","stack":"AggregateError [ECONNREFUSED]: \n    at internalConnectMultiple (node:net:1134:18)\n    at afterConnectMultiple (node:net:1715:7)","timestamp":"2026-05-04 21:54:44"}
{"level":"warn","message":"Redis connection failed. Caching disabled.","service":"techpulse-backend","timestamp":"2026-05-04 21:54:44"}
{"level":"info","message":"🧠 Starting News Intelligence Worker...","service":"techpulse-backend","timestamp":"2026-05-04 21:55:00"}
{"level":"info","message":"🤖 Summarizing: BYOMesh – New LoRa mesh radio offers 100x the bandwidth","service":"techpulse-backend","timestamp":"2026-05-04 21:55:00"}
{"level":"info","message":"🤖 Summarizing: Discovering hard disk physical geometry through microbenchmarking (2019)","service":"techpulse-backend","timestamp":"2026-05-04 21:55:04"}
{"level":"info","message":"🤖 Summarizing: Removable batteries in smartphones will be mandatory in the EU starting in 2027","service":"techpulse-backend","timestamp":"2026-05-04 21:55:08"}
{"level":"info","message":"🤖 Summarizing: Humanoid Robot Actuators","service":"techpulse-backend","timestamp":"2026-05-04 21:55:12"}
{"level":"info","message":"🤖 Summarizing: Southwest Headquarters Tour","service":"techpulse-backend","timestamp":"2026-05-04 21:55:13"}
{"level":"info","message":"🤖 Summarizing: Text-to-CAD","service":"techpulse-backend","timestamp":"2026-05-04 21:55:14"}
{"level":"info","message":"🤖 Summarizing: Does Employment Slow Cognitive Decline? Evidence from Labor Market Shocks","service":"techpulse-backend","timestamp":"2026-05-04 21:55:16"}
{"level":"info","message":"🤖 Summarizing: Why are neural networks and cryptographic ciphers so similar? (2025)","service":"techpulse-backend","timestamp":"2026-05-04 21:55:18"}
{"level":"info","message":"🤖 Summarizing: World's biggest RC A380 [video]","service":"techpulse-backend","timestamp":"2026-05-04 21:55:25"}
{"level":"info","message":"🤖 Summarizing: US–Indian space mission maps extreme subsidence in Mexico City","service":"techpulse-backend","timestamp":"2026-05-04 21:55:30"}
{"level":"warn","message":"⚠️ External API Error [404] for https://github-rss.vercel.app/repositories/daily","service":"techpulse-backend","timestamp":"2026-05-04 21:55:34"}
{"level":"warn","message":"⚠️ External API Error [404] for https://github-rss.vercel.app/repositories/daily","service":"techpulse-backend","timestamp":"2026-05-04 21:56:27"}
{"level":"info","message":"🚀 Secure TechPulse Orchestrator running on http://localhost:5000","service":"techpulse-backend","timestamp":"2026-05-04 21:59:26"}
{"code":"ECONNREFUSED","level":"warn","message":"⚠️ Redis not available. Running without cache:","service":"techpulse-backend","stack":"AggregateError [ECONNREFUSED]: \n    at internalConnectMultiple (node:net:1134:18)\n    at afterConnectMultiple (node:net:1715:7)","timestamp":"2026-05-04 21:59:26"}
{"level":"warn","message":"Redis connection failed. Caching disabled.","service":"techpulse-backend","timestamp":"2026-05-04 21:59:26"}
{"level":"info","message":"🚀 Secure TechPulse Orchestrator running on http://localhost:5000","service":"techpulse-backend","timestamp":"2026-05-04 21:59:34"}
{"code":"ECONNREFUSED","level":"warn","message":"⚠️ Redis not available. Running without cache:","service":"techpulse-backend","stack":"AggregateError [ECONNREFUSED]: \n    at internalConnectMultiple (node:net:1134:18)\n    at afterConnectMultiple (node:net:1715:7)","timestamp":"2026-05-04 21:59:34"}
{"level":"warn","message":"Redis connection failed. Caching disabled.","service":"techpulse-backend","timestamp":"2026-05-04 21:59:34"}
{"level":"info","message":"🚀 Secure TechPulse Orchestrator running on http://localhost:5000","service":"techpulse-backend","timestamp":"2026-05-04 21:59:42"}
{"code":"ECONNREFUSED","level":"warn","message":"⚠️ Redis not available. Running without cache:","service":"techpulse-backend","stack":"AggregateError [ECONNREFUSED]: \n    at internalConnectMultiple (node:net:1134:18)\n    at afterConnectMultiple (node:net:1715:7)","timestamp":"2026-05-04 21:59:42"}
{"level":"warn","message":"Redis connection failed. Caching disabled.","service":"techpulse-backend","timestamp":"2026-05-04 21:59:42"}
{"level":"info","message":"🧠 Starting News Intelligence Worker...","service":"techpulse-backend","timestamp":"2026-05-04 22:00:00"}
{"level":"info","message":"🤖 Summarizing: Can an A.I. Company Ever Be Good?","service":"techpulse-backend","timestamp":"2026-05-04 22:00:00"}
{"level":"info","message":"🤖 Summarizing: TinyFish Web Search and Fetch are now free, everywhere","service":"techpulse-backend","timestamp":"2026-05-04 22:00:03"}
{"level":"info","message":"🤖 Summarizing: Tribe v2: An AI Model of the Human Brain, Predicting Neural Responses","service":"techpulse-backend","timestamp":"2026-05-04 22:00:04"}
{"level":"info","message":"🤖 Summarizing: OpenAI, Google, and Microsoft Back Bill to Fund 'AI Literacy' in Schools","service":"techpulse-backend","timestamp":"2026-05-04 22:00:05"}
{"level":"info","message":"🤖 Summarizing: How we know if our agent is right","service":"techpulse-backend","timestamp":"2026-05-04 22:00:07"}
{"level":"info","message":"🤖 Summarizing: RaTeX: KaTeX-compatible LaTeX rendering engine in pure Rust","service":"techpulse-backend","timestamp":"2026-05-04 22:00:08"}
{"level":"info","message":"🤖 Summarizing: Pixel 11 leak reveals new camera hardware, Tensor G6 details, more specs","service":"techpulse-backend","timestamp":"2026-05-04 22:00:09"}
{"level":"info","message":"🤖 Summarizing: Async Rust never left the MVP state","service":"techpulse-backend","timestamp":"2026-05-04 22:00:20"}
{"level":"info","message":"📻 Ingesting RSS from InfoQ...","service":"techpulse-backend","timestamp":"2026-05-04 22:00:30"}
{"level":"warn","message":"⚠️ External API Error [404] for https://github-rss.vercel.app/repositories/daily","service":"techpulse-backend","timestamp":"2026-05-04 22:00:30"}
{"level":"error","message":"❌ RSS Fetch Error [InfoQ]: Status code 406","service":"techpulse-backend","timestamp":"2026-05-04 22:00:32"}
{"level":"info","message":"📻 Ingesting RSS from HackerNews...","service":"techpulse-backend","timestamp":"2026-05-04 22:00:32"}
{"level":"info","message":"🤖 Summarizing: Formula 1 plans to return to V8 engines by 2030","service":"techpulse-backend","timestamp":"2026-05-04 22:00:33"}
{"level":"info","message":"📻 Ingesting RSS from GitHub Trending...","service":"techpulse-backend","timestamp":"2026-05-04 22:00:33"}
{"level":"error","message":"❌ RSS Fetch Error [GitHub Trending]: Status code 404","service":"techpulse-backend","timestamp":"2026-05-04 22:00:33"}
{"level":"info","message":"📻 Ingesting RSS from Daily.dev...","service":"techpulse-backend","timestamp":"2026-05-04 22:00:33"}
{"level":"error","message":"❌ RSS Fetch Error [Daily.dev]: getaddrinfo ENOTFOUND rss.daily.dev","service":"techpulse-backend","timestamp":"2026-05-04 22:00:34"}
{"level":"info","message":"📻 Ingesting RSS from Cloudflare...","service":"techpulse-backend","timestamp":"2026-05-04 22:00:34"}
{"level":"info","message":"📻 Ingesting RSS from Netflix...","service":"techpulse-backend","timestamp":"2026-05-04 22:00:35"}
{"level":"error","message":"❌ RSS Fetch Error [Netflix]: unable to verify the first certificate","service":"techpulse-backend","timestamp":"2026-05-04 22:00:36"}
{"level":"info","message":"📻 Ingesting RSS from Stripe...","service":"techpulse-backend","timestamp":"2026-05-04 22:00:36"}
{"level":"info","message":"📻 Ingesting RSS from Meta...","service":"techpulse-backend","timestamp":"2026-05-04 22:00:37"}
{"level":"info","message":"📻 Ingesting RSS from Vercel...","service":"techpulse-backend","timestamp":"2026-05-04 22:00:37"}
{"level":"error","message":"❌ RSS Fetch Error [Vercel]: Status code 404","service":"techpulse-backend","timestamp":"2026-05-04 22:00:38"}
{"level":"info","message":"📻 Ingesting RSS from AWS...","service":"techpulse-backend","timestamp":"2026-05-04 22:00:38"}
{"level":"info","message":"📻 Ingesting RSS from OpenAI...","service":"techpulse-backend","timestamp":"2026-05-04 22:00:40"}
{"level":"info","message":"🤖 Summarizing: OpenAI Finalizes $10B Joint Venture with PE Firms to Deploy AI","service":"techpulse-backend","timestamp":"2026-05-04 22:00:43"}
{"level":"info","message":"📻 Ingesting RSS from InfoQ...","service":"techpulse-backend","timestamp":"2026-05-04 22:01:26"}
{"level":"warn","message":"⚠️ External API Error [404] for https://github-rss.vercel.app/repositories/daily","service":"techpulse-backend","timestamp":"2026-05-04 22:01:27"}
{"level":"error","message":"❌ RSS Fetch Error [InfoQ]: Status code 406","service":"techpulse-backend","timestamp":"2026-05-04 22:01:28"}
{"level":"info","message":"📻 Ingesting RSS from HackerNews...","service":"techpulse-backend","timestamp":"2026-05-04 22:01:28"}
{"level":"info","message":"📻 Ingesting RSS from GitHub Trending...","service":"techpulse-backend","timestamp":"2026-05-04 22:01:30"}
{"level":"error","message":"❌ RSS Fetch Error [GitHub Trending]: Status code 404","service":"techpulse-backend","timestamp":"2026-05-04 22:01:30"}
{"level":"info","message":"📻 Ingesting RSS from Daily.dev...","service":"techpulse-backend","timestamp":"2026-05-04 22:01:30"}
{"level":"error","message":"❌ RSS Fetch Error [Daily.dev]: getaddrinfo ENOTFOUND rss.daily.dev","service":"techpulse-backend","timestamp":"2026-05-04 22:01:30"}
{"level":"info","message":"📻 Ingesting RSS from Cloudflare...","service":"techpulse-backend","timestamp":"2026-05-04 22:01:30"}
{"level":"info","message":"📻 Ingesting RSS from Netflix...","service":"techpulse-backend","timestamp":"2026-05-04 22:01:31"}
{"level":"error","message":"❌ RSS Fetch Error [Netflix]: unable to verify the first certificate","service":"techpulse-backend","timestamp":"2026-05-04 22:01:33"}
{"level":"info","message":"📻 Ingesting RSS from Stripe...","service":"techpulse-backend","timestamp":"2026-05-04 22:01:33"}
{"level":"info","message":"📻 Ingesting RSS from Meta...","service":"techpulse-backend","timestamp":"2026-05-04 22:01:33"}
{"level":"info","message":"📻 Ingesting RSS from Vercel...","service":"techpulse-backend","timestamp":"2026-05-04 22:01:33"}
{"level":"error","message":"❌ RSS Fetch Error [Vercel]: Status code 404","service":"techpulse-backend","timestamp":"2026-05-04 22:01:34"}
{"level":"info","message":"📻 Ingesting RSS from AWS...","service":"techpulse-backend","timestamp":"2026-05-04 22:01:34"}
{"level":"info","message":"📻 Ingesting RSS from OpenAI...","service":"techpulse-backend","timestamp":"2026-05-04 22:01:34"}
{"level":"error","message":"❌ RSS Fetch Error [OpenAI]: Unclosed root tag\nLine: 1692\nColumn: 35\nChar: ","service":"techpulse-backend","timestamp":"2026-05-04 22:02:16"}
{"level":"info","message":"🚀 Secure TechPulse Orchestrator running on http://localhost:5000","service":"techpulse-backend","timestamp":"2026-05-04 22:03:19"}
{"code":"ECONNREFUSED","level":"warn","message":"⚠️ Redis not available. Running without cache:","service":"techpulse-backend","stack":"AggregateError [ECONNREFUSED]: \n    at internalConnectMultiple (node:net:1134:18)\n    at afterConnectMultiple (node:net:1715:7)","timestamp":"2026-05-04 22:03:19"}
{"level":"warn","message":"Redis connection failed. Caching disabled.","service":"techpulse-backend","timestamp":"2026-05-04 22:03:19"}
{"level":"error","message":"❌ RSS Fetch Error [Daily.dev]: getaddrinfo ENOTFOUND rss.daily.dev","service":"techpulse-backend","timestamp":"2026-05-04 22:03:33"}
{"level":"warn","message":"⚠️ External API Error [404] for https://github-rss.vercel.app/repositories/daily","service":"techpulse-backend","timestamp":"2026-05-04 22:03:33"}
{"level":"error","message":"❌ RSS Fetch Error [GitHub Trending]: Status code 404","service":"techpulse-backend","timestamp":"2026-05-04 22:03:33"}
{"level":"error","message":"❌ RSS Fetch Error [Vercel]: Status code 404","service":"techpulse-backend","timestamp":"2026-05-04 22:03:33"}
{"level":"error","message":"❌ RSS Fetch Error [Netflix]: unable to verify the first certificate","service":"techpulse-backend","timestamp":"2026-05-04 22:03:34"}
{"level":"error","message":"❌ RSS Fetch Error [InfoQ]: Status code 406","service":"techpulse-backend","timestamp":"2026-05-04 22:03:35"}
{"level":"error","message":"❌ RSS Fetch Error [Daily.dev]: getaddrinfo ENOTFOUND rss.daily.dev","service":"techpulse-backend","timestamp":"2026-05-04 22:04:17"}
{"level":"warn","message":"⚠️ External API Error [404] for https://github-rss.vercel.app/repositories/daily","service":"techpulse-backend","timestamp":"2026-05-04 22:04:17"}
{"level":"error","message":"❌ RSS Fetch Error [GitHub Trending]: Status code 404","service":"techpulse-backend","timestamp":"2026-05-04 22:04:17"}
{"level":"error","message":"❌ RSS Fetch Error [Vercel]: Status code 404","service":"techpulse-backend","timestamp":"2026-05-04 22:04:18"}
{"level":"error","message":"❌ RSS Fetch Error [Netflix]: unable to verify the first certificate","service":"techpulse-backend","timestamp":"2026-05-04 22:04:18"}
{"level":"error","message":"❌ RSS Fetch Error [InfoQ]: Status code 406","service":"techpulse-backend","timestamp":"2026-05-04 22:04:19"}
{"level":"info","message":"🧠 Starting News Intelligence Worker...","service":"techpulse-backend","timestamp":"2026-05-04 22:05:00"}
{"level":"info","message":"🤖 Summarizing: Redis array: short story of a long development process","service":"techpulse-backend","timestamp":"2026-05-04 22:05:00"}
{"level":"info","message":"🤖 Summarizing: Secluso: E2E Encrypted Home Security Camera","service":"techpulse-backend","timestamp":"2026-05-04 22:05:01"}
{"level":"info","message":"🤖 Summarizing: Keywords","service":"techpulse-backend","timestamp":"2026-05-04 22:05:03"}
{"level":"info","message":"🤖 Summarizing: Amazon Supply Chain Services – Amazon's supply chain is now yours","service":"techpulse-backend","timestamp":"2026-05-04 22:05:05"}
{"level":"info","message":"🤖 Summarizing: Homebridge 2.0 is here, and it speaks Matter","service":"techpulse-backend","timestamp":"2026-05-04 22:05:07"}
{"level":"error","message":"❌ RSS Fetch Error [Daily.dev]: getaddrinfo ENOTFOUND rss.daily.dev","service":"techpulse-backend","timestamp":"2026-05-04 22:05:07"}
{"level":"warn","message":"⚠️ External API Error [404] for https://github-rss.vercel.app/repositories/daily","service":"techpulse-backend","timestamp":"2026-05-04 22:05:07"}
{"level":"error","message":"❌ RSS Fetch Error [GitHub Trending]: Status code 404","service":"techpulse-backend","timestamp":"2026-05-04 22:05:07"}
{"level":"error","message":"❌ RSS Fetch Error [Vercel]: Status code 404","service":"techpulse-backend","timestamp":"2026-05-04 22:05:07"}
{"level":"error","message":"❌ RSS Fetch Error [Netflix]: unable to verify the first certificate","service":"techpulse-backend","timestamp":"2026-05-04 22:05:08"}
{"level":"info","message":"🤖 Summarizing: Mark Zuckerberg's virtual reality demo (2016) [video]","service":"techpulse-backend","timestamp":"2026-05-04 22:05:08"}
{"level":"error","message":"❌ RSS Fetch Error [InfoQ]: Status code 406","service":"techpulse-backend","timestamp":"2026-05-04 22:05:09"}
{"level":"info","message":"🤖 Summarizing: Cursed Browser: web rendering engine using visual-LLMs","service":"techpulse-backend","timestamp":"2026-05-04 22:05:10"}
{"level":"info","message":"🤖 Summarizing: What's the most useful thing in your .gitconfig?","service":"techpulse-backend","timestamp":"2026-05-04 22:05:11"}
{"level":"info","message":"🤖 Summarizing: OpenAI’s o1 correctly diagnosed 67% of ER patients vs. 50-55% by triage doctors","service":"techpulse-backend","timestamp":"2026-05-04 22:05:13"}
{"level":"error","message":"❌ RSS Fetch Error [Daily.dev]: getaddrinfo ENOTFOUND rss.daily.dev","service":"techpulse-backend","timestamp":"2026-05-04 22:05:16"}
{"level":"warn","message":"⚠️ External API Error [404] for https://github-rss.vercel.app/repositories/daily","service":"techpulse-backend","timestamp":"2026-05-04 22:05:16"}
{"level":"error","message":"❌ RSS Fetch Error [GitHub Trending]: Status code 404","service":"techpulse-backend","timestamp":"2026-05-04 22:05:16"}
{"level":"error","message":"❌ RSS Fetch Error [Vercel]: Status code 404","service":"techpulse-backend","timestamp":"2026-05-04 22:05:16"}
{"level":"error","message":"❌ RSS Fetch Error [Netflix]: unable to verify the first certificate","service":"techpulse-backend","timestamp":"2026-05-04 22:05:17"}
{"level":"error","message":"❌ RSS Fetch Error [InfoQ]: Status code 406","service":"techpulse-backend","timestamp":"2026-05-04 22:05:18"}
{"level":"info","message":"🤖 Summarizing: Aviate, Navigate, Communicate – What to Do About Mythos","service":"techpulse-backend","timestamp":"2026-05-04 22:05:18"}
{"level":"info","message":"🧠 Starting News Intelligence Worker...","service":"techpulse-backend","timestamp":"2026-05-04 22:10:00"}
{"level":"info","message":"🤖 Summarizing: A treasure trove of fossils rewrites the story of early life","service":"techpulse-backend","timestamp":"2026-05-04 22:10:00"}
{"level":"info","message":"🤖 Summarizing: Tokyo considering more trash cans following litter increase in touristed area","service":"techpulse-backend","timestamp":"2026-05-04 22:10:03"}
{"level":"info","message":"🤖 Summarizing: New statue in London, attributed to Banksy, of a suited man, blinded by a flag","service":"techpulse-backend","timestamp":"2026-05-04 22:10:06"}
{"level":"info","message":"🤖 Summarizing: 'Longevity drug' rapamycin may have a surprising impact on exercise","service":"techpulse-backend","timestamp":"2026-05-04 22:10:10"}
{"level":"info","message":"🤖 Summarizing: GameStop makes $55.5B takeover offer for eBay","service":"techpulse-backend","timestamp":"2026-05-04 22:10:12"}
{"level":"info","message":"🤖 Summarizing: Palantir Comes to Campus","service":"techpulse-backend","timestamp":"2026-05-04 22:10:14"}
{"level":"error","message":"❌ RSS Fetch Error [Daily.dev]: getaddrinfo ENOTFOUND rss.daily.dev","service":"techpulse-backend","timestamp":"2026-05-04 22:10:14"}
{"level":"warn","message":"⚠️ External API Error [404] for https://github-rss.vercel.app/repositories/daily","service":"techpulse-backend","timestamp":"2026-05-04 22:10:14"}
{"level":"error","message":"❌ RSS Fetch Error [GitHub Trending]: Status code 404","service":"techpulse-backend","timestamp":"2026-05-04 22:10:14"}
{"level":"error","message":"❌ RSS Fetch Error [Vercel]: Status code 404","service":"techpulse-backend","timestamp":"2026-05-04 22:10:15"}
{"level":"error","message":"❌ RSS Fetch Error [Netflix]: unable to verify the first certificate","service":"techpulse-backend","timestamp":"2026-05-04 22:10:15"}
{"level":"error","message":"❌ RSS Fetch Error [InfoQ]: Status code 406","service":"techpulse-backend","timestamp":"2026-05-04 22:10:16"}
{"level":"info","message":"🤖 Summarizing: 1966 Ford Mustang Converted into a Tesla with Working 'Full Self-Driving'","service":"techpulse-backend","timestamp":"2026-05-04 22:10:16"}
{"level":"info","message":"🤖 Summarizing: Decentralize Your Communication","service":"techpulse-backend","timestamp":"2026-05-04 22:10:23"}
{"level":"info","message":"🤖 Summarizing: Steam HW survey – Linux drops m/m","service":"techpulse-backend","timestamp":"2026-05-04 22:10:35"}
{"level":"info","message":"🤖 Summarizing: Trademark violation: Fake Notepad++ for Mac","service":"techpulse-backend","timestamp":"2026-05-04 22:10:51"}
{"level":"error","message":"❌ RSS Fetch Error [Daily.dev]: getaddrinfo ENOTFOUND rss.daily.dev","service":"techpulse-backend","timestamp":"2026-05-04 22:10:53"}
{"level":"warn","message":"⚠️ External API Error [404] for https://github-rss.vercel.app/repositories/daily","service":"techpulse-backend","timestamp":"2026-05-04 22:10:53"}
{"level":"error","message":"❌ RSS Fetch Error [GitHub Trending]: Status code 404","service":"techpulse-backend","timestamp":"2026-05-04 22:10:53"}
{"level":"error","message":"❌ RSS Fetch Error [Vercel]: Status code 404","service":"techpulse-backend","timestamp":"2026-05-04 22:10:54"}
{"level":"error","message":"❌ RSS Fetch Error [Netflix]: unable to verify the first certificate","service":"techpulse-backend","timestamp":"2026-05-04 22:10:54"}
{"level":"error","message":"❌ RSS Fetch Error [InfoQ]: Status code 406","service":"techpulse-backend","timestamp":"2026-05-04 22:10:55"}
{"level":"info","message":"🚀 Secure TechPulse Orchestrator running on http://localhost:5000","service":"techpulse-backend","timestamp":"2026-05-04 22:12:38"}
{"code":"ECONNREFUSED","level":"warn","message":"⚠️ Redis not available. Running without cache:","service":"techpulse-backend","stack":"AggregateError [ECONNREFUSED]: \n    at internalConnectMultiple (node:net:1134:18)\n    at afterConnectMultiple (node:net:1715:7)","timestamp":"2026-05-04 22:12:38"}
{"level":"warn","message":"Redis connection failed. Caching disabled.","service":"techpulse-backend","timestamp":"2026-05-04 22:12:38"}
{"level":"info","message":"🚀 Secure TechPulse Orchestrator running on http://localhost:5000","service":"techpulse-backend","timestamp":"2026-05-04 22:33:16"}
{"code":"ECONNREFUSED","level":"warn","message":"⚠️ Redis not available. Running without cache:","service":"techpulse-backend","stack":"AggregateError [ECONNREFUSED]: \n    at internalConnectMultiple (node:net:1134:18)\n    at afterConnectMultiple (node:net:1715:7)","timestamp":"2026-05-04 22:33:16"}
{"level":"warn","message":"Redis connection failed. Caching disabled.","service":"techpulse-backend","timestamp":"2026-05-04 22:33:16"}
{"level":"info","message":"🧠 Starting News Intelligence Worker...","service":"techpulse-backend","timestamp":"2026-05-04 22:35:00"}
{"level":"info","message":"🤖 Summarizing: Show HN: EmergingRepos – finding repos that are just starting to get momentum","service":"techpulse-backend","timestamp":"2026-05-04 22:35:00"}
{"level":"info","message":"🤖 Summarizing: The AI Phone Assault Has Begun","service":"techpulse-backend","timestamp":"2026-05-04 22:35:03"}
{"level":"info","message":"🤖 Summarizing: Progress warns of critical MOVEit Automation auth bypass flaw","service":"techpulse-backend","timestamp":"2026-05-04 22:35:04"}
{"level":"info","message":"🤖 Summarizing: Conic Sections: Treated Geometrically by W. H. Besant(1869) [pdf]","service":"techpulse-backend","timestamp":"2026-05-04 22:35:06"}
{"level":"info","message":"🤖 Summarizing: Forbes Settling Privacy Lawsuit for total of 17.5M","service":"techpulse-backend","timestamp":"2026-05-04 22:35:12"}
{"level":"info","message":"🤖 Summarizing: Show HN: The Rouge is my attempt at an AI product factory","service":"techpulse-backend","timestamp":"2026-05-04 22:35:13"}
{"level":"info","message":"🤖 Summarizing: \"They would never use the death star on us\"","service":"techpulse-backend","timestamp":"2026-05-04 22:35:15"}
{"level":"info","message":"🤖 Summarizing: Iran Attacks UAE","service":"techpulse-backend","timestamp":"2026-05-04 22:35:17"}
{"level":"info","message":"🤖 Summarizing: Introducing Skills Over MCP – The better way to share and distribute skills","service":"techpulse-backend","timestamp":"2026-05-04 22:35:21"}
{"level":"info","message":"🤖 Summarizing: How Monero's proof of work works","service":"techpulse-backend","timestamp":"2026-05-04 22:35:34"}
{"level":"info","message":"🧠 Starting News Intelligence Worker...","service":"techpulse-backend","timestamp":"2026-05-04 22:40:00"}
{"level":"info","message":"🤖 Summarizing: United flight strikes light pole, damages truck while landing in Newark","service":"techpulse-backend","timestamp":"2026-05-04 22:40:00"}
{"level":"info","message":"🤖 Summarizing: Tar Files Created on macOS Display Errors When Extracting on Linux (2024)","service":"techpulse-backend","timestamp":"2026-05-04 22:40:02"}
{"level":"info","message":"🤖 Summarizing: Dithering with CSS","service":"techpulse-backend","timestamp":"2026-05-04 22:40:04"}
{"level":"info","message":"🤖 Summarizing: Testers – 12 Testers Community","service":"techpulse-backend","timestamp":"2026-05-04 22:40:06"}
{"level":"info","message":"🤖 Summarizing: GitHub Is Down","service":"techpulse-backend","timestamp":"2026-05-04 22:40:07"}
{"level":"info","message":"🤖 Summarizing: The Web of Babel: Browsing the Internet's Latent Space","service":"techpulse-backend","timestamp":"2026-05-04 22:40:08"}
{"level":"info","message":"🤖 Summarizing: Richard Dawkins (AI) Refutes Richard Dawkins (Human) on AI Conciousness","service":"techpulse-backend","timestamp":"2026-05-04 22:40:11"}
{"level":"info","message":"🤖 Summarizing: What Addiction Does to the Brain","service":"techpulse-backend","timestamp":"2026-05-04 22:40:18"}
{"level":"info","message":"🤖 Summarizing: Show HN: A Soccer Game Simulator Played by AI Agent","service":"techpulse-backend","timestamp":"2026-05-04 22:40:23"}
{"level":"info","message":"🤖 Summarizing: I reverse-engineered a thermal pocket printer to print without the app","service":"techpulse-backend","timestamp":"2026-05-04 22:40:34"}
{"level":"info","message":"🚀 Secure TechPulse Orchestrator running on http://localhost:5000","service":"techpulse-backend","timestamp":"2026-05-04 22:42:23"}
{"code":"ECONNREFUSED","level":"warn","message":"⚠️ Redis not available. Running without cache:","service":"techpulse-backend","stack":"AggregateError [ECONNREFUSED]: \n    at internalConnectMultiple (node:net:1134:18)\n    at afterConnectMultiple (node:net:1715:7)","timestamp":"2026-05-04 22:42:23"}
{"level":"warn","message":"Redis connection failed. Caching disabled.","service":"techpulse-backend","timestamp":"2026-05-04 22:42:23"}
{"level":"info","message":"🧠 Starting News Intelligence Worker...","service":"techpulse-backend","timestamp":"2026-05-04 22:45:00"}
{"level":"info","message":"🤖 Summarizing: Alaska House advances bill regulating autonomous vehicles","service":"techpulse-backend","timestamp":"2026-05-04 22:45:00"}
{"level":"info","message":"🤖 Summarizing: Using “underdrawings” for accurate text and numbers","service":"techpulse-backend","timestamp":"2026-05-04 22:45:02"}
{"level":"info","message":"🤖 Summarizing: Show HN: My coworker and I planning with our Claude Codes in the same chat room","service":"techpulse-backend","timestamp":"2026-05-04 22:45:05"}
{"level":"info","message":"🤖 Summarizing: The Audio Industry Is Grappling with the Rise of 'Podslop:' 39% New Podcasts AI","service":"techpulse-backend","timestamp":"2026-05-04 22:45:07"}
{"level":"info","message":"🤖 Summarizing: LLM-first document AI is missing a 50-year-old CS technique","service":"techpulse-backend","timestamp":"2026-05-04 22:45:08"}
{"level":"info","message":"🤖 Summarizing: Why Almost Everyone Loses–Except a Few Sharks–On Prediction Markets","service":"techpulse-backend","timestamp":"2026-05-04 22:45:10"}
{"level":"info","message":"🤖 Summarizing: PyInfra 3.8.0 Is Out","service":"techpulse-backend","timestamp":"2026-05-04 22:45:11"}
{"level":"info","message":"🤖 Summarizing: I Let AI Look at My Breasts–and I'm Glad I Did","service":"techpulse-backend","timestamp":"2026-05-04 22:45:13"}
{"level":"info","message":"🧠 Starting News Intelligence Worker...","service":"techpulse-backend","timestamp":"2026-05-04 22:50:00"}
{"level":"error","message":"❌ RSS Fetch Error [Daily.dev]: getaddrinfo ENOTFOUND rss.daily.dev","service":"techpulse-backend","timestamp":"2026-05-04 22:52:44"}
{"level":"warn","message":"⚠️ External API Error [404] for https://github-rss.vercel.app/repositories/daily","service":"techpulse-backend","timestamp":"2026-05-04 22:52:44"}
{"level":"error","message":"❌ RSS Fetch Error [GitHub Trending]: Status code 404","service":"techpulse-backend","timestamp":"2026-05-04 22:52:44"}
{"level":"error","message":"❌ RSS Fetch Error [Vercel]: Status code 404","service":"techpulse-backend","timestamp":"2026-05-04 22:52:45"}
{"level":"error","message":"❌ RSS Fetch Error [Netflix]: unable to verify the first certificate","service":"techpulse-backend","timestamp":"2026-05-04 22:52:45"}
{"level":"error","message":"❌ RSS Fetch Error [InfoQ]: Status code 406","service":"techpulse-backend","timestamp":"2026-05-04 22:52:46"}
{"level":"info","message":"🧠 Starting News Intelligence Worker...","service":"techpulse-backend","timestamp":"2026-05-04 22:55:00"}
{"level":"info","message":"🤖 Summarizing: Newton's law of gravity passes its biggest test","service":"techpulse-backend","timestamp":"2026-05-04 22:55:00"}
{"level":"error","message":"❌ RSS Fetch Error [Daily.dev]: getaddrinfo ENOTFOUND rss.daily.dev","service":"techpulse-backend","timestamp":"2026-05-04 22:55:06"}
{"level":"warn","message":"⚠️ External API Error [404] for https://github-rss.vercel.app/repositories/daily","service":"techpulse-backend","timestamp":"2026-05-04 22:55:06"}
{"level":"error","message":"❌ RSS Fetch Error [GitHub Trending]: Status code 404","service":"techpulse-backend","timestamp":"2026-05-04 22:55:06"}
{"level":"error","message":"❌ RSS Fetch Error [Vercel]: Status code 404","service":"techpulse-backend","timestamp":"2026-05-04 22:55:06"}
{"level":"error","message":"❌ RSS Fetch Error [Netflix]: unable to verify the first certificate","service":"techpulse-backend","timestamp":"2026-05-04 22:55:08"}
{"level":"error","message":"❌ RSS Fetch Error [InfoQ]: Status code 406","service":"techpulse-backend","timestamp":"2026-05-04 22:55:08"}
{"level":"error","message":"❌ RSS Fetch Error [Daily.dev]: getaddrinfo ENOTFOUND rss.daily.dev","service":"techpulse-backend","timestamp":"2026-05-04 22:56:26"}
{"level":"warn","message":"⚠️ External API Error [404] for https://github-rss.vercel.app/repositories/daily","service":"techpulse-backend","timestamp":"2026-05-04 22:56:26"}
{"level":"error","message":"❌ RSS Fetch Error [GitHub Trending]: Status code 404","service":"techpulse-backend","timestamp":"2026-05-04 22:56:26"}
{"level":"error","message":"❌ RSS Fetch Error [Vercel]: Status code 404","service":"techpulse-backend","timestamp":"2026-05-04 22:56:26"}
{"level":"error","message":"❌ RSS Fetch Error [Netflix]: unable to verify the first certificate","service":"techpulse-backend","timestamp":"2026-05-04 22:56:26"}
{"level":"error","message":"❌ RSS Fetch Error [InfoQ]: Status code 406","service":"techpulse-backend","timestamp":"2026-05-04 22:56:28"}
{"level":"error","message":"❌ RSS Fetch Error [Daily.dev]: getaddrinfo ENOTFOUND rss.daily.dev","service":"techpulse-backend","timestamp":"2026-05-04 22:56:53"}
{"level":"error","message":"❌ RSS Fetch Error [GitHub Trending]: Status code 404","service":"techpulse-backend","timestamp":"2026-05-04 22:56:53"}
{"level":"warn","message":"⚠️ External API Error [404] for https://github-rss.vercel.app/repositories/daily","service":"techpulse-backend","timestamp":"2026-05-04 22:56:53"}
{"level":"error","message":"❌ RSS Fetch Error [Vercel]: Status code 404","service":"techpulse-backend","timestamp":"2026-05-04 22:56:54"}
{"level":"error","message":"❌ RSS Fetch Error [Netflix]: unable to verify the first certificate","service":"techpulse-backend","timestamp":"2026-05-04 22:56:54"}
{"level":"error","message":"❌ RSS Fetch Error [InfoQ]: Status code 406","service":"techpulse-backend","timestamp":"2026-05-04 22:56:55"}
{"level":"error","message":"❌ RSS Fetch Error [Daily.dev]: getaddrinfo ENOTFOUND rss.daily.dev","service":"techpulse-backend","timestamp":"2026-05-04 22:57:45"}
{"level":"warn","message":"⚠️ External API Error [404] for https://github-rss.vercel.app/repositories/daily","service":"techpulse-backend","timestamp":"2026-05-04 22:57:45"}
{"level":"error","message":"❌ RSS Fetch Error [Vercel]: Status code 404","service":"techpulse-backend","timestamp":"2026-05-04 22:57:45"}
{"level":"error","message":"❌ RSS Fetch Error [GitHub Trending]: Status code 404","service":"techpulse-backend","timestamp":"2026-05-04 22:57:45"}
{"level":"error","message":"❌ RSS Fetch Error [Netflix]: unable to verify the first certificate","service":"techpulse-backend","timestamp":"2026-05-04 22:57:45"}
{"level":"error","message":"❌ RSS Fetch Error [InfoQ]: Status code 406","service":"techpulse-backend","timestamp":"2026-05-04 22:57:46"}
{"level":"info","message":"🧠 Starting News Intelligence Worker...","service":"techpulse-backend","timestamp":"2026-05-04 23:00:00"}
